index,review,true_label,predicted_label,confidence,prob_negative,prob_positive,Noise Narrator 1,Noise Narrator 2,XOR,Final Decision
10423,“فندق لايستحق 5 نجوم”. السرير مريح. الموكيت متهالكروائح كريهه في الممرات حجم الغرفه لايوازي المبلغ المدفوع,Positive,Negative,0.999866486,0.999866486,0.000133478,TRUE,TRUE,TRUE,TRUE
6290,“سيء لسبب واحد”. . يوجد صراصير داخل دوره المياه !!المفارش غير نظيفه,Positive,Negative,0.99971658,0.99971658,0.000283412,TRUE,TRUE,TRUE,TRUE
5000,“يجب ان تنتقل يطلباتك معاك”. الموقع والشاطي جيد. بعد المكان كانك مسافر الي مدينه اخري ولست بجده لا يرقي لخمسه نجوم الغرف بعيده عن المصعد لايوجد بالغرفه ثلاجه اغراضك تضعها علي الطاوله لا يوجد سخان ولاماء ولاشاهي اوقهوه اومنيوللطلبات يعدمك الجوع والعطش,Positive,Negative,0.999552429,0.999552429,0.000447527,TRUE,TRUE,TRUE,TRUE
9649,“فقط السعر مناسب”. مريح وهادئ وموقع جيد لكن لاخدمات به وخاصه العمال قليل والغرف كثيرهوالاستقبال لايرد ع الاتصال نهائيا. الاستقبالزلايتعاون ولايرد ع الاتصال ولايوجد خدم للغرف,Positive,Negative,0.999361575,0.999361575,0.000638475,TRUE,TRUE,TRUE,TRUE
9341,"“الميزه الوحيده الجيده خدمه الباص للنقل للحرم.”. طاقم العمل بشوش، خدمه نقل الباص للحرم جيده.. النظافه للاسره والملاحف غير نظيفه ، خدمه الغرف غير جيده ، الافطار كل يوم نفس الاكل غير متنوع ، السعر مرتفع للغداء بالنسبه فقط لاربع اصناف من الاكل ، المواقف سيئه وغير مرتبه.",Positive,Negative,0.999334276,0.999334276,0.000665697,TRUE,FALSE,FALSE,'Not Sure'
9350,“للاسف”. استقبال جيد. الاسعار لاتتطابق مع ماهو معروض بالموقع بسبب اضافه الظريبه بمبلغ مرتفع والافطار اقل من مضعيف مقابل مبلغ مرتفع ولاتستطيع استرجاعه منهم لبقيه الايام.,Positive,Negative,0.999057472,0.999057472,0.000942534,TRUE,TRUE,TRUE,TRUE
4426,“التراجع بعد التقدم نتيجه جروبات الفقراء واصحاب البيئات الفقيره وغير النظيفه”. فريق الاستقبالالاستاذ علي بخش فريق العلاقات. همجيه الناس في المطعم نقص واهمال نتيجه تدني المستوي والحرمان الواضح في كثير من النزلاء فريق الصيانه لا يوجد حمام خمس نجوم بل خالي من كل شيء يميزه,Positive,Negative,0.998993695,0.998993695,0.001006317,TRUE,TRUE,TRUE,TRUE
4687,“مابوه شي”. محلوي.,Positive,Negative,0.998987615,0.998987615,0.001012313,FALSE,FALSE,TRUE,FALSE
6108,“عمران”. الموقع جيد جدا.. طاقم العمل مقبول .. الخدمات ضعيفه.. اﻷكل جيد. الخدمات... ضعيفه..,Positive,Negative,0.998277426,0.998277426,0.001722536,TRUE,FALSE,FALSE,'Not Sure'
711,“فندق مهضوم حقه”. - موقع الفندق وبوفيه الغذاء والافطار .- بوفيه العشاء بمكان جميل ورائع تحذوه الخضره من جميع جوانبه .- مسبحه المطل علي مكان البوفيه .- يوجد ايضا بروجكتر كبير جدا اثناء العشاء ووقت السباحه .- استايل الفندق خرافي من الداجل .- هدوئه الاكثر من رائع .- جلساته ال. - ضعف النت داخل الغرف وكنت بالطابق الثالث .- الخدمه جميله لكنها بطيئه .- شكل الفندق من الخارج لا يوصف جماله من الداخل .,Positive,Negative,0.998199284,0.998199284,0.001800687,FALSE,FALSE,TRUE,FALSE
2805,“عدم الثقه”. الموقع. حجزت وواعدوني بئشياء ومن ضمنها السياره الفارهه وطلعه في الاحلام هههههههه,Positive,Negative,0.998107791,0.998107791,0.001892213,TRUE,TRUE,TRUE,TRUE
2439,"“مايستاهل”. الموقع قريب من اماكن مهمه.. تقل الفخامه حتي تصل للغرفه. الغرفه حجمها متوسط الي صغير ولا يوجد فيها متسع ولا جلسه كنب. تشعرك بالكتمه، التحكم بدرجه التكييف سيء وصعب، تصميم الغرفه سيء جدا",Positive,Negative,0.998060405,0.998060405,0.001939611,TRUE,TRUE,TRUE,TRUE
3182,“رحله عمل”. لا شي وذالك بسبب الاقامه لمده نصف يوم. الواي فاي غير جيدالاستقبال كان غير جيد وسبب كثره التدخين,Positive,Negative,0.998023033,0.998023033,0.00197695,TRUE,FALSE,FALSE,'Not Sure'
9029,“واحد يخرب علي الكل”. . الشخص اللي كان في الاستقبال وقت الشيك ان لم يكن متعاون وليس لديه اسلوب في التعامل واما باقي طاقم العمل ممتاز,Positive,Negative,0.99780196,0.99780196,0.002198017,TRUE,FALSE,FALSE,'Not Sure'
10479,"“مقبول”. . الاجراءات فيها تاخير ولاتوجد خدمات ومطاعم قريبهوتوزيع الغرف بالادوار ، كانها غرف بشقق",Positive,Negative,0.997743368,0.997743368,0.002256635,TRUE,TRUE,TRUE,TRUE
8371,“الفندق عادي جدا”. لا شي. اول شي الديسكو مزعج يوصل الصوت لي الغرف ثاني شي كان التلفزون خربان ولا فيه قنوات غير الاخباريه و لما دخلت الغرفه كانت غير مجهزه للاسف,Positive,Negative,0.997690558,0.997690558,0.002309432,TRUE,TRUE,TRUE,TRUE
8429,“العمره اهم”. قربه من الحرم. عدم وجود اي خدمات في الغرفه لا ادوات غسيل ولا مناشف ولا صابون,Positive,Negative,0.997663498,0.997663498,0.002336543,TRUE,FALSE,FALSE,'Not Sure'
4999,“تجربه لن تتكرر”. السماح ب late check out. لا يتوفر سوبرماركت او صيدليه او اي مطعم بالقرب من الفندقتم سحب مبلغ التامين و لم يسترد حتي شهر من تاريخ الزياره,Positive,Negative,0.997658372,0.997658372,0.0023416,TRUE,TRUE,TRUE,TRUE
8009,"“؟؟؟ سعر الغرفه شامل مع الضريبه”. . سعر الغرفه الموجود 166 ذرهم علي البوكنج , بعد ماذهبت للفنذق , اخبروني بان ادفع210ذرهمالضريبه (10%) غير مشمولهرسوم الخدمه (10%) غير مشمولهضريبه المدينه (AED 10 في الليله الواحده) غير مشموله , المفروض توضيح المبلغ وافادتي قبل الحجز بسعر الغرفه شامل قبل الحجز .في ذلك الضريبه (10%) غير مشمولهرسوم الخدمه (10%) غير مشمولهضريبه المدينه (AED 10 في الليله الواحده) غير مشموله ارجو النظر الضريبه (10%) غير مشمولهرسوم الخدمه (10%) غير مشمولهضريبه المدينه (AED 10 في الليله الواحده) غير مشموله ارجو النظر في ذلك وشكراااا",Positive,Negative,0.99752897,0.99752897,0.002471008,TRUE,FALSE,FALSE,'Not Sure'
10366,“لا انصح بالسكن بهذا الفندق”. قريب من المسجد والنظافه والراحه. 1/ عدم وجود سيارات الاجره امام الفندق2/ السعر مرتفع جدا بالنسبه لموقع الفندق البعيد عن كل الخدمات,Positive,Negative,0.997474611,0.997474611,0.002525408,TRUE,TRUE,TRUE,TRUE
8098,“فندق عادي جدا بس غالي مادري ليش !!”. ﻻ يوجد شي مميز .. فندق عادي جدا بس مبالغين بالسعر .!!. لم يعجبني السعر مقابل الغرف.شقق عاديه جدا اثاث عادي جدا.سعر مرتفع بالرغم من موقع اصلاحات .,Positive,Negative,0.997384608,0.997384608,0.002615446,TRUE,TRUE,TRUE,TRUE
810,“تجربه سيئه”. قربه من الجي بي ار. الاستقبال بطيء ويوجد موضف مصري في المسبح طلبت منه شيشه مع لي طبي طلب من بخشيش يقول قيمت لي الشيشه الطبي 25 درهم وعندما طلبت فاتوره قال هذا بدون فاتوره,Positive,Negative,0.997164309,0.997164309,0.002835667,TRUE,TRUE,TRUE,TRUE
6061,“قليل التكلفه موقع مميز”. الموقع فقط. عدم وجود حذاء لدوره المياه عدم وجود سخان ماء لعمل المشروبات في الغرفه غالي قيمه المشروبات في الفندق عدم وجود سفتي في الغرفه الاثاث قديم الغرفه التي تم اعطت لي للمدخنين علما بانه عند الحجز طالبت غرفه لغير المدخنين الاثاث قديم,Positive,Negative,0.997156382,0.997156382,0.002843576,TRUE,FALSE,FALSE,'Not Sure'
6463,“لاكن انصح بالفندق”. . ازعاج من المباني المجاوره كذالك التعامل في دفع المبالغ الماليه يحاسبونك اول باول كانك بتهرب من الفندق,Positive,Negative,0.996671557,0.996671557,0.003328417,FALSE,FALSE,TRUE,FALSE
8342,"“ليس من عادتهم”. اعجبني سرعه المصاعد، و وسع الغرفه مع تعدد دورات المياه ففي الغرفه حمامين و مغسله خارجيه (غير مغسله المطيبخ ). هذه ثالث مره اسكن في الفندق، هذه المره كان التعامل غير جيد اذ ان الاستقبال كانهم جدد فتعاملهم وسط حدددا، يسمحون للعامل يطرق الباب يوميا فاذا لم يجد اجابه يفتح عليك الباب ليتاكد ان الشقه مسكونه و انك "" ما انحشت"" و هذه صارت لي مرتين وقت الضحي او الظهر و الاهل نايمين في رمضان يوم هزات الاستقبال يقول اخاف يروح المستاجر و لا يدفع ثم انا اتحملها "" منطق سيء للغايه "" يعني يمديه يتصل بالتلفون و يتاكد او يطلب الايجار قبل اادخول و بس .كذلك الاستقبال ما فيه الا تلفون واحد يعني يبي لك ربع ساعه حتي يرد عليك الموظف اما العامل فيتاخر جدا حتي يصل لعندك .هذا ما لم يعجبني في الفندق علما ان هذا الكلام في رمضان فقد يكون ما سبق بسبب الضغط .لكن جمله الفندق يتميز جدددا بوسع الغرف و تعدد دورات المياه",Positive,Negative,0.996667922,0.996667922,0.003332054,TRUE,FALSE,FALSE,'Not Sure'
1488,“جيد”. الموقع فقط. الغرفه من الطراز القديم لايوجد واي فاي بالغرف مجانا,Positive,Negative,0.996464968,0.996464968,0.003534977,FALSE,FALSE,TRUE,FALSE
3213,"“جيد لرحله العمل ، فقط للنوم”. الواي فاي سريع. غرف ضيقه وحمام اضيق لا يوجد فيه ادوات تنظيف.",Positive,Negative,0.996385574,0.996385574,0.003614431,FALSE,FALSE,TRUE,FALSE
7102,“عادي جدا”. لم يعجبني ازعاج في المصاعد والاستقبال. عدم توفر مواقف وكذلك الواي فاي المجاني ولا يوجد مصلي ولا نادي صحي السعر مرتفع والاطلاله سيئه,Positive,Negative,0.996269226,0.996269226,0.003730779,TRUE,FALSE,FALSE,'Not Sure'
464,“فهد ابراهيم”. لا شيء. الانترنت سيء جدا,Positive,Negative,0.996161819,0.996161819,0.003838226,FALSE,TRUE,FALSE,'Not Sure'
6055,“الجبيل الصناعيه شاهين يوسف”. االفندق وموقعه وقيمته ﻻلاثاثيه ونضيفته. الاستقبال وتعامله المزري وعدم يحترام الساكن وهمجيه التعامﻻ وحيث انني سكنت لدي يلفندق عده مرات ليس للا ستقبال ولكن لموقعه وسعره المناسب وحيث انني لا اطلب من الاستقبال اي شي وان طلبت لايجاب وتوفير الخدمات ضعيفه وحيث تبق ي الغرفه لمده ثلاث ايام ولم تنظف,Positive,Negative,0.996117115,0.996117115,0.003882922,TRUE,TRUE,TRUE,TRUE
6313,“management of the hotel were very polit and help full”. عدم وجود وجبه غداء اتعبتنا من الرواح والمجيئ لان لم يكن معلمات واضحه من اداره الفندق. bathrooms were very small an hardly I enjoyed taking bath also the offer was in your add tea but only three tea bags were the share of every room also water only two bottle of water to each room,Positive,Negative,0.996100307,0.996100307,0.003899739,TRUE,TRUE,TRUE,TRUE
9229,“فندق كنانه جده”. نظافه الفندق فقط .. خدماته مقبوله لكن تتاخر الخدمات بالوصول لك كطلب شيء من الخدمات للغرفه وموقعه البعيد عن مواقع الترفيه كالكورنيش وغيره .,Positive,Negative,0.995730579,0.995730579,0.004269455,FALSE,FALSE,TRUE,FALSE
9393,“رفه عن نفسك”. . عدم توفر مواقف للسيارات,Positive,Negative,0.994985819,0.994985819,0.005014194,FALSE,FALSE,TRUE,FALSE
10040,“دعوه ام ؟؟!”. انا متاكد من غرابه عنواني ولكن اللي حصل اني مسافر بعد زواجي بيوم الي جده وعندي حجز سويت مطل بالفندق قبل سفري وعند توديعي لامي واهدائها مبلغ زهيد في حقها كام فكنوز الدنيا لا توفي حق الوالدين دعت لي بان يرزقني الله وان يعوضني فما كان بين دعوتها واستجابتها الا ساعات قليله عند وصولي للفندق اخبروني بانهم تجاهلوا حجزي بالغلط وان الفندق لايوجد به غرف او سويت فلللل وانهم سيعوضوني وبالفعل تم ترقيه حجزي من سويت الي دور ملكي خاص بي فقط سعر الليله الواحده ٣٧ الف هههههههه بصراحه انصدمت والدور بالكامل زجاج وكلمه خرافي قليله فيه فذكرت دعوه الغاليه وعلمت بان كل ما قدمته لوالديك سيعوضك الله بضعف اضعافه. الزبده الدور ب ٣٧ الف وش الشين اللي بيكون فيه هههههههههه,Positive,Negative,0.99449569,0.99449569,0.005504354,TRUE,TRUE,TRUE,TRUE
2904,“المطففين”. . سوء الاستقبال عدم توفير كثير من الخدمات المطلوبه السعر كان اعلا من كثير من النزلاء الاخرين بفارق يصل الي اكثر من 300 ريال,Positive,Negative,0.994435072,0.994435072,0.005564886,TRUE,TRUE,TRUE,TRUE
1791,“طرشت الملح”. دخول الفندق سريع. تاخير في وصول السياره والسعر مبالغ فيه,Positive,Negative,0.994309187,0.994309187,0.005690783,TRUE,TRUE,TRUE,TRUE
3366,“لن اعود مره اخري”. حسن الاستقبال و الموقع Good reception and location. القيمه مبالغ فيها +المبالغه في اسعار العصيرات والماء من الكوفي شوب للغرف علما بان كاسات صغيره جدا مقابل القيمه +ارضيه الحمام زلقه جدا+السرير غير مريح بما يكفي +الشراشف غير جديده +الازعاج صباحا بتوزيع اوراق تنبيه الخروج مع طرق الباب من قبل العامل لاخبارك بموعد المغادره علما باني مسجل دخول الساعه 11.30مسا +عدم وجود الميني بار في الثلاجه + وقت الخروج باكرا الساعه 12 مساء Exaggerated value where + overstate the prices of juices and water from the coffee shops room note that the cups are very small compared to the value + bathroom floor very slippery + bed is comfortable enough + sheets new non- + hassle am distributing an alert out with a knock on the door leaves by working to inform you of the date of departure note that I logged in Massa 11.30 + lack of minibar in the fridge + early checkout time clock 12:00,Positive,Negative,0.994102061,0.994102061,0.005897951,TRUE,TRUE,TRUE,TRUE
9360,“راخه”. السعر. النت,Positive,Negative,0.993846595,0.993846595,0.006153386,FALSE,FALSE,TRUE,FALSE
9732,“٧”. المكان من خلل شاليات الدانه مررره جميل والبحر مررره قريب وفيه خصوصيه. المعامله من قبل المواظفين سيئه جدا والخدمات سييئه جدااا وخاصتنا مواظفينالبوابه والمغربي انسان سيئه جدااااا جدااااا معامله لاتدل ع راقيه المكان,Positive,Negative,0.993523479,0.993523479,0.00647648,FALSE,FALSE,TRUE,FALSE
5166,“ازعاج”. . ازعاج الشارع بالغرفه,Positive,Negative,0.993376553,0.993376553,0.006623444,TRUE,TRUE,TRUE,TRUE
5481,“جيد”. الاكل جيد. خدمه الراي فاي معقوله فندق اربع نجوم مافيه واي فاي الا في الاستقبال حتي شقق العاديه فيها واي فاي جميع الغرف. شي سيئ لا يوجد واي فاي تضجرت من عدم وجوده,Positive,Negative,0.993246555,0.993246555,0.006753377,FALSE,FALSE,TRUE,FALSE
7018,“عدم الامانه في الدعايه”. الفندق فخم و نظيف و الخدمه به جيده لكنه يفتقد اهم عنصر جذب بالنسبه لموقعه....البعد عن الحرم و عدم توفر وسيله مواصلات جيده من و الي الحرم. علي كوقع الفندق قيل ان المسافه الي حرم 1.5 كن و تبين علي جوجل و علي ارض الواقع انها 7.5 كم و تلك سقطه سيئه جدا في حق الفندق و الدعايه له....عدم الاكانه في الدعايه للمكان مما اثر بالسلب عن الهدف من الزياره و هو زياره الحرم مع كل اذان. البعد عن الحرم و الكذب في الدعايه بذكر ان المسافه 1.5 كم من الحرم و هي في الواقع 7.5 كم,Positive,Negative,0.993232489,0.993232489,0.006767543,TRUE,TRUE,TRUE,TRUE
8205,"“تجربه ممتعه لن اكررها في نفس الفندق”. الموقع ممتاز وقريب من كافه الامان التي اريدها. تنوع قائمه الطعام في المطعم. الانترنت سريع جدا. Location is great as it is near places that I want to go. Nice menu and restaurant.. تعامل ابن صاحب الفندق (ف) كان سيئ جدا مع العماله والموظفين بالفندق الي درجه انه يمكن وصف تعامله معهم كسخره والتي اعتبرها انتهاك لحقوق الانسان وحقوق العمال.The son of the hotel’s owner (F ) was dealing abusively with hotel staff. Confirmaly, I can describe his dealings with them as ""slavery"" which I consider the obvious violation of human rights and workers' rights.",Positive,Negative,0.993142128,0.993142128,0.0068579,FALSE,TRUE,FALSE,'Not Sure'
7740,“ارجو الاهتمام بالنزيل”. لقد قمت بالحجز غرفتين توام واتصلت بهم قبل وصولي بساعه للفندق للتاكد من جاهزيتها ولكن عند وصولي الي الفندق اخبروني بعدم جاهزيتها الساعه ٤ عصرا وطلب مني الانتظار نصف ساعه ولكن فوجئت بعد الانتظار بانهم يقولون لي ان هناك غرفه توام وغرفه مفرد جاهزه فقط واذا اردت الغرفتين اللتين حجزتهما من خلال برنامج booking فعلي الانتظار فاضطررت للموافقه حتي لا انتظر اكثر. عدم تجهيز الغرفتين اللتين تم حجزهماطلب مني المغادره الساعه١٢ ظهرا,Positive,Negative,0.993108749,0.993108749,0.006891178,TRUE,FALSE,FALSE,'Not Sure'
4069,"“الحقيقه”. الموقع ، الافطار. النظافه للاسف",Positive,Negative,0.993018687,0.993018687,0.006981334,TRUE,TRUE,TRUE,TRUE
10543,“وجهت نظر”. قريب من الكورنيش وعلي طريق مدينه كلباء وخورفكان. يوجد رائحه طهو الطعام في بعض الطوابق,Positive,Negative,0.992742896,0.992742896,0.007257093,TRUE,FALSE,FALSE,'Not Sure'
4133,“تغيير جو”. . الاطلاله صحيح انه علي معبر مائي الا ان هناك تعمير وانشاءات مشوهه المنظر,Positive,Negative,0.99252373,0.99252373,0.007476224,FALSE,FALSE,TRUE,FALSE
3802,“المكان ممتاز”. لا شي. اول مره اسمع الانترنيت بفلوس بصراحه شي سيئ جدا جدا والله عيب عليهم في الامارات وفي حد يطلب الانترنيت بفلوس في فندق سكنت اقل منه مستوي والانترنيت فيه بلاش وبعد قوي لكن شو الواحد يقول عقل مافي واكيد الاداره تعبانه جدا,Positive,Negative,0.992440343,0.992440343,0.007559648,FALSE,TRUE,FALSE,'Not Sure'
8308,“القرب عنوان”. لايوجد افطار. الفرش متسخ. النت ضعيف. الافظار لايوجد,Positive,Negative,0.992290676,0.992290676,0.007709332,TRUE,TRUE,TRUE,TRUE
9489,“سوء المعامله في تقديم الطلبات”. المنظر. المكان,Positive,Negative,0.992281258,0.992281258,0.007718679,TRUE,FALSE,FALSE,'Not Sure'
6304,“جيد”. لاشيء. التكيف الغرفه الي جانبي مزعج جدا,Positive,Negative,0.991965055,0.991965055,0.008034893,FALSE,FALSE,TRUE,FALSE
9218,“الموقع فقط”. الموقعمرتبه السرير. لا يوجد عزل للصوت في الغرفخدمه صف السياره دون مستوي الخمسه نجوممدخل الفندق واللوبي دون المستوي بامكانك الاقامه في فندق اخر افضل من هذا الفندق وبنفس هذا السعر,Positive,Negative,0.991785467,0.991785467,0.008214526,TRUE,TRUE,TRUE,TRUE
4027,“لاباس فيه”. النظافه + طاقم موظفي قسم الطعام. الاستقبال عندهم سيئ جدا لم يهتمو بااستقبال الضيوف والشنط والعفش الضيف هو الذي ينشغل بتحميل امتعته لايوجدعمال لحمل الشنط وامتعه الضيوف + روائح التدخين منتشره في الفندق + بعده عن الحرم والمسافهالمعروضهفي هذا الموقع غيرصحيحه,Positive,Negative,0.991711855,0.991711855,0.008288188,FALSE,FALSE,TRUE,FALSE
740,“مواقفها خايسه وكثير علقو بوسطها وانا منهم وبصعوبه طلعت”. . مواقفها وفرض رسوم غير الاجار لسياره,Positive,Negative,0.991703868,0.991703868,0.008296054,TRUE,TRUE,TRUE,TRUE
4394,“لن اسكن فيه مره اخري الا اذا كان سعره رخيص مره”. الموقع ممتاز نسبيا و الغرف واسعه و نظيفه .. كثره المصاعد .. عدم وجود ازعاج .. المطعم ممتاز. حجزت غرفه سرير مزدوج و عند الوصول لقيتها سريرين و طلبت ضمها بعد العصر و لم تضم و بعد المغرب و لم تضم و بعد العشاء مرتين حتي ارسلو العمال لضم السريرين .. الانترنت يتغير يوميا الرمز السري و اسم المستخدم و عند الطلب لليوم الثاني قال لي موظف الاستقبال بارسل لك الرقم مع العامل و خرجت من الفندق بعد يومين و لم يحضر العامل الي الان .. كرسي الحمام لم يكن نظيف و طلبت عامل النظافه و لم يرسلوه حتي لقيته في السيب صدفه و اعطيته بخشيش عشان ينظف الحمام .. الخدمه ليست جيده كانك ساكن عندهم بفلوسهم,Positive,Negative,0.991181731,0.991181731,0.00881825,FALSE,FALSE,TRUE,FALSE
10182,"“الفندق جيد ، لكن انا ما توفقت”. - بوفيه الفطور والسحور.- المواصلات لا باس بها، لكن رائحه الطريق من بعد النفق الي الفندق متعب قليلا.- توفر باصات الفندق ، واذا ما وجدت تحصل علي باصات النقل العامه بريالين للشخص.- عمال نقل الاغراض متعاونين ورتبوا لي مواصلات الي المدينه المنوره.. - طلبت غرفتين ، وحده ممتازه ، والثانيه دمار ، كانت صغيره ، والابجوره مكسوره ، والفراش محروق ومشقق ، استغربت ، اما الغرفه الثانيه اكبر ومرتبه ، للعلم انا طالب حجرتين كل حجره لشخصين.",Positive,Negative,0.990772128,0.990772128,0.009227911,FALSE,FALSE,TRUE,FALSE
5092,“سائح وزوجته من السعوديه”. . عدم وتوفر واي فاي بالمجان مثل معظم شقق سكن دبي في مستوي شقق شلسي لابد من اعاده النظر في ذلك لانها اكثر شكاوي الساكنين حسب ماسمعت ومالمسته.,Positive,Negative,0.989253342,0.989253342,0.010746735,FALSE,FALSE,TRUE,FALSE
4931,“شكوي”. . تم سحب من بطاقتي الائتمانيه مبلغ زائد وعلي الرغم من ابلاغي لهم بذلك الا انهم طلبوا مني ان ادفع عن طريق البطاقه مره اخري وبامكانكم التاكد من ذلك.,Positive,Negative,0.989072323,0.989072323,0.010927686,TRUE,TRUE,TRUE,TRUE
3145,“مشكله واحده”. مشكله واحده عكرت عيد زواجي. الاستقبال كان سئ .. حيث انني حجزت قبل 3 ايام .. ووصلت عصرا وبقيت الي الساعه 5 بانتظار تجهيز الغرفه .. وتم طلب خروجي في اليوم الثاني عند الواحده ظهرا .. اتمني تعويضي بشي مميز يرضي اعجابي بكم .. او ساقوم بتغيير وجهتي مستقبلا,Positive,Negative,0.988977015,0.988977015,0.011023013,TRUE,FALSE,FALSE,'Not Sure'
3242,“شابان عزاب”. اعجبني طبيعه المجمع مع الفندق. لا يوجد,Positive,Negative,0.988809884,0.988809884,0.011190182,FALSE,FALSE,TRUE,FALSE
2375,“وداعا يا بوكينق في السعوديه”. اعجبني حسن استقبال الشاب السعودي عيدالرحمن وتنوع المطاعم والمقاهي والهدوء .. سرعه رد الخدمات الهاتفيه. تصريف ماء المروش يخرج للممر ويغرق الغرفه .. كانك في شقق مفروشه مبتدئه ولست في فندق خمس نجوم .. اضطريت اخلع الجوارب للدخول والخروج من دووه المياه .. كذلك كثره بطاقات الشنط عند طلب التشيك اوت لم افهمها وفي الاخير انا الي حملت شنطي بنفسي .. كذلك ضعف استخدام العاملين للغه العربيه فتضطر للحديث معهم بالانجليزيه رغم عدم اجادتي التامه لها مما ينتج عنه ضعف الخدمه وتاخرها علي سبيل المثال المقهي الارضي يشترط حد ادني 100 ريال للفرد باستثناء النزلاء ورغم انني نزيل لم يتم استثنائي .. كذلك هناك تباين في اسعار البوكينق والاستقبال حيث خدعني البوكينق وحجزت من طريقه بالف واربعمائه ريال دون افطار مجاني وعند الحضور للفندق وجدت الناس تحجز بالف ومائتا ريال مع افطار مجاني .. وداعا للبوكينق في السعوديه,Positive,Negative,0.987692297,0.987692297,0.0123077,TRUE,TRUE,TRUE,TRUE
3639,“غير مقبول بالنسبه للسعر”. نعم. حجم الغرفه صغير,Positive,Negative,0.987303317,0.987303317,0.012696632,TRUE,TRUE,TRUE,TRUE
6997,“جيده نوعا ما”. . الغرف يوصل لها ازعاج الموسيقي من النادي الليلي,Positive,Negative,0.987056613,0.987056613,0.012943383,FALSE,FALSE,TRUE,FALSE
536,“السعر غالي”. . السعو,Positive,Negative,0.986129582,0.986129582,0.013870449,TRUE,FALSE,FALSE,'Not Sure'
5498,“فندق جميل لكن مبالغه في الاسعار”. . تاخر في الخدمه والاسعار المبالغه,Positive,Negative,0.985489845,0.985489845,0.014510104,FALSE,FALSE,TRUE,FALSE
7554,“راحت بال وقرب من الحرم”. موقع الفندق وتعدد الاسنصيرات التعامل السريع مع المشاكل. عدم السؤال عن خدمات الغرفه من قبل عمال النظافه,Positive,Negative,0.984637916,0.984637916,0.015362067,FALSE,FALSE,TRUE,FALSE
9043,“ازعاج”. الاطلاله رائعه جدا. ازعاااااااج عمال كانو فوق غرفه النوم مباشره وازعجوني وكلمتهم اكثر من ومالقيت تجاوبغير كذا كل شي في الفندق حلو,Positive,Negative,0.983197868,0.983197868,0.016802134,FALSE,FALSE,TRUE,FALSE
9314,“انصح باﻻقامه في الشقق”. . اعمال بناء بالقرب من الموقع,Positive,Negative,0.982447088,0.982447088,0.017552907,FALSE,FALSE,TRUE,FALSE
1482,“يحتاج تجديد”. الوصول للفندق صعب ويضيع شوي. الاكل في مطعم البويه. غالي مقابل لجوده الاكل والتنوع,Positive,Negative,0.981155992,0.981155992,0.018844059,TRUE,FALSE,FALSE,'Not Sure'
5373,“.....”. الغرفه مرتبه ونظيفه... ازعاج من الصبح فالممرات..والصوت ينسمع فالغرف ومسوي ازعاج..,Positive,Negative,0.981054306,0.981054306,0.018945619,FALSE,FALSE,TRUE,FALSE
1309,"“اخلاقهم عاليه تفتح نفسك للايجار”. . عدم وجود بلاك اوت للنوافذ، والازعاج من السيارات",Positive,Negative,0.980430305,0.980430305,0.019569647,FALSE,FALSE,TRUE,FALSE
9825,“جيدا”. . المكان والراحه,Positive,Negative,0.98030889,0.98030889,0.019691061,FALSE,FALSE,TRUE,FALSE
8680,“موقع ممتاز لكن الراحه ضعيف جدا”. الموقع لانه قريب جدا لبرج خليفه وسعره مقارنه بالموقع لاباس فيه. ازعاج العاملين كان هناك اعمال صيانه و اسمع اصوات الشواكيش و الدريلعدم وجود عزل صوت الاثاث جدا قديم ولا يرتقي لمستوي الفندق,Positive,Negative,0.979056299,0.979056299,0.020943724,TRUE,TRUE,TRUE,TRUE
2393,“مو مثل مااتوقعت”. لم تعجبني قوانين الفندق نحجز غرفه لشخصين بالغين مع طفلين مع فطور بس الفطور يكون للكبار والاطفال ندفع لهم..,Positive,Negative,0.978838742,0.978838742,0.021161264,TRUE,TRUE,TRUE,TRUE
6054,“5”. بشاشه وحسن وتميز استقبال الموظفين السعوديين بالاستقبال وجوده المطعم. المواقف والتنظيم حول الموقع,Positive,Negative,0.978213608,0.978213608,0.021786364,FALSE,FALSE,TRUE,FALSE
3269,“دبي”. المناظر داخل الفندق. خدمات الموظفين,Positive,Negative,0.977549255,0.977549255,0.022450721,FALSE,FALSE,TRUE,FALSE
1884,"“توقعاتنا كانت اعلي من مستوي الفندق”. . تاخر موعد استلامنا للغرفه بعد موعر "" chick in "" حيث تم التواصل مع الطاقم ولا زال التاخير قائم رغم وعودهم بان الغرفه ستجهز خلال دقائق ولكن التاخير استمر الي 3 ساعات. مما ادي لضيقنا من طريقه استجابتهم للموضوع.",Positive,Negative,0.976055443,0.976055443,0.023944542,TRUE,TRUE,TRUE,TRUE
4160,“ب”. . باقي لي ثلاث ميه درهم تامين مخصومه من الفيزا ولها ١٥ يوم واكثر مارجعت لكي .. وهذي حركتهم مع اغلب اللي سكنو عندهم يعني اللي بيدفع تامين يدفعها كاش عشان ياخذها كاش اذا طلع,Positive,Negative,0.975828707,0.975828707,0.024171278,TRUE,TRUE,TRUE,TRUE
355,“الغرفه ضيقه”. . عدم وجود مساحه كافيه في الغرفه بختصار الغرفه ضيقه,Positive,Negative,0.975482464,0.975482464,0.024517542,TRUE,TRUE,TRUE,TRUE
7333,“مقبول”. . اضائه الغرفه منخفظه جدا.لايوجد خرطوم ماء للمرحاض,Positive,Negative,0.973625004,0.973625004,0.026375024,FALSE,FALSE,TRUE,FALSE
9073,“مقبول”. . المبالغه في الضرايب باضافه ضريبه تختلف عن ضريبه ال ٢٠٪‏ والغريب يقال لي انه ضريبه لكل غرفه في الشقه ٢٠ درهم حيث اني اسكن اكبر شقه تحتوي علي ٣ غرف نوم يساوي لجميع الغرف ٦٠ درهم 😊,Positive,Negative,0.972160995,0.972160995,0.027839029,FALSE,TRUE,FALSE,'Not Sure'
7326,“السلام عليكم”. اعجبني الهدو. التكييف سئ جدا الافطار دون المتوسط المواقف قليله,Positive,Negative,0.971537113,0.971537113,0.028462935,FALSE,TRUE,FALSE,'Not Sure'
10419,“عادي جدا”. المسبح ممتاز جدا حيث يوجد مسبحين واحد حار والثاني بارد ونظافه مستمره ومطعم ايطالي ممتاز جدا. غرفه اللي عندهم ضيق جدا انترنت ضعيف جدا لا يمكن تغطيت منتجع كامل استقبال المطعم بوفيه اخلاق سيئه اعتقد عماله ليباليه او فلبيني,Positive,Negative,0.966571033,0.966571033,0.033428993,TRUE,TRUE,TRUE,TRUE
8857,“اتمني تغير طاقم خدمه الغرف”. الافطار جيد نوعا مااما بالنسبه للاسره فهي مريحه. لقد اقمنا في الفندق ليلتين وطيل اقامتنا طلبنا بعض الكماليات مثل طاوله كوي ومكوي وتواصلنا مع خدمه الغرف والاستقبال ويعدونا بانها ستصل خلال بضع دقائق وولمتصل حتي المغادره.,Positive,Negative,0.966430962,0.966430962,0.033569094,TRUE,FALSE,FALSE,'Not Sure'
7287,“القيمه مبالغ فيها”. القيمه مبالغ فيها معني زبون دائم في هل الفندق من 8 سنوات وانا انزل فيه وشكراا. القيمه مبالغ فيها معني زبون دائم في هل الفندق من 8 سنوات وانا انزل فيه وشكراا,Positive,Negative,0.9659006,0.9659006,0.034099385,FALSE,FALSE,TRUE,FALSE
7580,“فندق غريب”. نظام السكن روعه. نظام الفندق مبالغ فيه في انظمه الفنادق في دبيمبلغ التامين لم يسترد الي الان مع العلم حجزت في فندق اخر ولم ياخذ تامين,Positive,Negative,0.965439022,0.965439022,0.03456099,TRUE,FALSE,FALSE,'Not Sure'
8318,“يحتاجون اليه عمل جديده وتنظيم”. الهدوء بين الغرف. الفوضي في الاوراق توقع علي الف ورقه مع العلم اني كنت دافع مبلغ تحت الحساب لكي ارتاحتفاجاه اني يجب ان اوقع واحيان يجب ان ادفع الخلاصه استرجعت نصف المبلغ الي تحت الحساب لان المطعم لا يقبل تحويل علي حساب الغرفه الكوي ايضا و و,Positive,Negative,0.964889586,0.964889586,0.035110455,TRUE,FALSE,FALSE,'Not Sure'
2980,“كنت هناك”. جون اافريقي صعب التعاامل في الفتره المسائيه المفروض صباحي الشفت تبعو عشان الناس تشوفو. عدم احترام الزوار والدخول,Positive,Negative,0.963435948,0.963435948,0.036564033,TRUE,TRUE,TRUE,TRUE
4609,"“اقامه جيده ولا اعتقد انها ستتكرر باذن الله”. اعجبني بالاثاث جديد ،، وسعره جيد. للاسف مافيه عوازل ، ريحته دخان تكتم في اغلب الوقت ، موقعه بعيد من الحرم مشي واجهت صعوبه .",Positive,Negative,0.959998846,0.959998846,0.040001191,FALSE,TRUE,FALSE,'Not Sure'
7328,“جيد”. . حجزت غرفه لمدخنين وتفاجات اليوم اللي بعده انه موظف الاستقبال يقول لي جارك متضايق مع انه هذي مشكلتهم وقت الحجز موشغلي ومحد قال لهم يسكنوني جمب واحد يكح كل شويه,Positive,Negative,0.959859192,0.959859192,0.040140826,FALSE,FALSE,TRUE,FALSE
5658,“الخدمه المقدمه لاتساوي المبلغ المدفوع”. الفندق نظيف المناظر جميله. الموظفين بشكل عام التعامل باسلوب لايليق بفندق 5 نجوم وبشكل خاص الموظف عند الاستقبال لم يجد التعامل في تقديم الخدمه,Positive,Negative,0.957815647,0.957815647,0.042184342,FALSE,TRUE,FALSE,'Not Sure'
5466,“مناسب نوعا ماء”. مظهر الغرفه بشكل عامه. النظافه,Positive,Negative,0.956543565,0.956543565,0.043456402,FALSE,FALSE,TRUE,FALSE
5058,“مريح”. تعاون الموظفين. لا يوجد غساله ملابسحمام واد في شقه من غرفتين وصالهافياش الكهرباء قديمه لا تدعم الشواحن الجديده,Positive,Negative,0.956028819,0.956028819,0.043971177,FALSE,FALSE,TRUE,FALSE
9187,“الفندق وسط”. الاطلاله علي البحيره وعلي الابراج. الواي فاي ضعيف جدا جدا عدم المصداقيه كنت حاجز عرفه مطله عن طريق البكنج وعطوني غرفه مطله علي الشارع وبعد ما تبين انه انا حاجز عن طريق البكنج غيرو العرفه الي مطله علي البحيره,Positive,Negative,0.95601368,0.95601368,0.043986358,FALSE,FALSE,TRUE,FALSE
2008,“جيده لكن لن اكررها”. نظافه الفندق وتصميم الغرفه. في اللوبي بار مكشوف والاصوات الموسيقي عاليه لايصلح للعوائل الخليجيه المحافظه,Positive,Negative,0.953488827,0.953488827,0.046511211,FALSE,TRUE,FALSE,'Not Sure'
3810,"“جيد ويمكن ان يمون افضل”. . مستوي التنظيف ، اخر يوم اصبحت رائحه المكان ييئه بسبب المنشفه المستخدمه لمسح الارضيهايضا المناشف بدورات المياه تبدو مستهلكه",Positive,Negative,0.952319503,0.952319503,0.047680479,FALSE,TRUE,FALSE,'Not Sure'
9220,“دبي 2014”. الموقع ممتاز. ليست به مرافق تخدم المسافر,Positive,Negative,0.95096308,0.95096308,0.049036879,FALSE,FALSE,TRUE,FALSE
7189,“اقامه جيده نوعا ما”. . وجود فتيات يترددن علي شباب منظر لا يناسب ان يشاهده الاطفال و وجود عزاب في شقق مفروشه,Positive,Negative,0.949243069,0.949243069,0.050756976,FALSE,FALSE,TRUE,FALSE
8415,“مقبول عموما بس”. . ديزاين المروش خطا... الماء يسيح من تحت باب المروش عالغرفه..!!,Positive,Negative,0.945775926,0.945775926,0.054224011,FALSE,TRUE,FALSE,'Not Sure'
1846,“فندق موقعه غلط”. الوايفاي مجانا بالغرف. موقع الفندق بعيد لازم تمشي مسافات بعيده لكل شي,Positive,Negative,0.943599701,0.943599701,0.056400344,TRUE,TRUE,TRUE,TRUE
3028,“اسعار مبالغ فيها”. الهدوء والنظافه. بصراحه السعر مبالغ فيهايضا جميع الخدمات سعرها مرتفع جدا خصوصا خدمه الغرف,Positive,Negative,0.939253867,0.939253867,0.060746137,FALSE,TRUE,FALSE,'Not Sure'
9519,“قريب من الحرم والفرش قديم”. قريب من الحرم. اردت التجديد فطلبوا مني نفس السعر لليله السابقه 1050 ريال فقمت بالحجز عن طريق البوكنج بمبلغ 750,Positive,Negative,0.936020255,0.936020255,0.063979693,TRUE,FALSE,FALSE,'Not Sure'
5577,"“لايوجد مرونه في وجود طفل اضافي بالمطعم رغم وفره الاكل ،،”. . يجب خفض الاسعار لان ابواب الحرم التي امام الفندق مغلقه",Positive,Negative,0.935103297,0.935103297,0.064896658,FALSE,TRUE,FALSE,'Not Sure'
9387,“الموقع جيد مع وجود سوبرماركت وكذلك مغسله ملابس بالمقابل اشاره الدخول للسكن دائما مزحومه”. القرب من الطرق الرئيسيه. اشاره الدخول للسكن دائما زحمه,Positive,Negative,0.933466434,0.933466434,0.066533618,FALSE,FALSE,TRUE,FALSE
4057,“سامي”. قريب من المحلات. الحمام قديم و المكيف احينا يتوقف عن التبريد,Positive,Negative,0.933065534,0.933065534,0.066934459,TRUE,FALSE,FALSE,'Not Sure'
5981,“ايجابيات وسلبيات”. الخصوصيه في دخول الفندق عن طريق باركنات الفندق السفليه. الانتظار الطويل في حال الرجوع للفندق في وقت متاخر من الليل لدخول الباركنات السفليه لعدم وجود رجل الامن الذي يفتح البوابه .,Positive,Negative,0.931995153,0.931995153,0.068004847,TRUE,TRUE,TRUE,TRUE
9397,“الخدمه غير متوقعه”. الموقع ممتاز جدا. صغر الغرفه ودورات المياهوضعف مستوي الخدمه,Positive,Negative,0.926658154,0.926658154,0.073341891,TRUE,TRUE,TRUE,TRUE
1276,“جيد”. التكوولوجي. لا يوجد خصوصيه,Positive,Negative,0.925676584,0.925676584,0.074323423,FALSE,FALSE,TRUE,FALSE
6438,“موفينبيك في عطله العيد”. الموقع والسوق المجاور. صعوبه التوصيل من والي الفدق وليس هناك خدمات توصيل داخليه بالفندق لمن ترك سيارته في مكه عند الوصول للاقامه رغم الحجز المسبق المطعم مزدحم ولايكفي في الفطور لكل الزوار ولايوجد غير مطعم واحد يعمل بالفندق,Positive,Negative,0.917960346,0.917960346,0.082039647,TRUE,FALSE,FALSE,'Not Sure'
645,“الموقع فقط”. موقعه بجانب الحرم وقريب لمدخل النساءوالواي فاي مجاني. المواقف ليست مجانيه و المصاعد وقت الصلاه تاخذ وقت طويل حتي تركب فيها من كثره الزحام السعر في وقت الزحام غالي وجرس الحريق يشتغل في اوقات تزعجك من نومك بدون اي سبب,Positive,Negative,0.915971875,0.915971875,0.084028095,TRUE,TRUE,TRUE,TRUE
5345,“فندق عادي جدا”. تعامل الموظفين جدا رائع. رائحه الصرف الصحي في دوره المياه اعزكم الله,Positive,Negative,0.914923429,0.914923429,0.085076541,FALSE,TRUE,FALSE,'Not Sure'
578,“يجب تغيير طاقم الاستقبال”. اعجبني الموقع. لم يعجبني معامله موظفي الاستقبال خلال تسجيل الدخول والخروج,Positive,Negative,0.912771583,0.912771583,0.087228432,TRUE,FALSE,FALSE,'Not Sure'
7694,“هناك تاخير من الاستقبال عند الدخول”. الموقع.,Positive,Negative,0.911443293,0.911443293,0.088556685,FALSE,TRUE,FALSE,'Not Sure'
2387,“مسافر ترانزيت”. سرعه الشك ان والشك اوت. المطار خارج منطقه الترانزيت,Positive,Negative,0.910734713,0.910734713,0.089265265,FALSE,FALSE,TRUE,FALSE
4618,"“مقبول الي حد ما”. النظافهقربه من المطاروقوعه علي شارع الشيخ زايدواجهته الخلفيه مطله علي الخليج ولو من بعيدفخامته. موظف الاستقبال المصري "" رامي "" سيء ويتكلم بعنجهيه ويحاول رفع السعر بشتي الطرق، بينما يبذل طاقم الاستقبال الاخرون كل ما في وسعهم لخدمه النزيل. ارتفاع السعر مقابل الخدمهموظفو صف السيارات يتاخرون كثيرا في تحريك السيارات من امام بوابه الفندق.",Positive,Negative,0.910682499,0.910682499,0.089317471,TRUE,FALSE,FALSE,'Not Sure'
3007,“السعر مرتفع”. . السعر لا يتناسب مع الفئه,Positive,Negative,0.907317936,0.907317936,0.092682108,TRUE,TRUE,TRUE,TRUE
3108,“مقبول الي حد ماء”. النظافه جيدهالباص الناقل للحرمتعامل موظفي الاستقبال. الواي فاي سئازعاج الاطفال في الممرات لا يوجد خدمه غسيل وكي الملابسقنوات التلفزيون محدوده للغايه,Positive,Negative,0.903184891,0.903184891,0.096815057,TRUE,FALSE,FALSE,'Not Sure'
8451,“لايوجد خدمه غسيل ملابس مستعجل”. موقع الفندق قربه من مستشفي العيون. لايوجد خدمه غسيل للملابس المستعجلهاخذون منك الملابس من الساعه 8 صباحا حتي 5 عصرا فقط,Positive,Negative,0.894821525,0.894821525,0.105178438,FALSE,FALSE,TRUE,FALSE
9615,“جيد ولكن بالامكان احسن مما كان”. . وصول السيارات الي مدخل الفندق.لم تتم الاستفاده من اطلاله الفندق علي البحر بتصميم بلكونه او شرفه لكل غرفه او جناح.,Positive,Negative,0.894085526,0.894085526,0.105914511,FALSE,FALSE,TRUE,FALSE
10084,“لا باس به”. . يوجد فنادق بالخبر تم تجربتها ارخص وافضل,Positive,Negative,0.881860197,0.881860197,0.118139796,FALSE,FALSE,TRUE,FALSE
9002,“كنت اتمني ان اجد فندق ومنتجع راديسون بلو المشهور افضل من ما وجدته”. الافطار جيد جداالشاطيء ممتاز. التاخير في تجهيز الغرف رغم حجزي بواسطه BOOKingايضا السرير غير مريحايضا حجزت غرفه بسرير مزدوج وبقيمه اعلي من غرفه بسريرين منفردين ولكن لم يوفر لي سوي غرفه بسريرين منفردين وتم احتسابها بقيمه الغرفه ذات السرير المزدوجايضا توجد في الغرف كثير من النواقص مثل سجاده صلاه وادوات الحمام,Positive,Negative,0.878779709,0.878779709,0.121220335,TRUE,TRUE,TRUE,TRUE
3245,“السعر مبالغ فيه”. . السعر لا يتناسب مع الغرف جدا عاديه وتحتاج تطوير,Positive,Negative,0.871099591,0.871099591,0.128900379,TRUE,TRUE,TRUE,TRUE
9882,“موقعه ممتاز”. يمنع دخول الزوار و متشددين. النت مش كويسلا يقع علي شارع زايد علي طول لكن خلفه بشارع فقط يعني داخل الحي,Positive,Negative,0.865455091,0.865455091,0.134544849,FALSE,FALSE,TRUE,FALSE
1520,“الفندق نوعا ما جيد بالنسبه الا السعر انصح به”. . المغسله لا تصرف الماء,Positive,Negative,0.85982883,0.85982883,0.14017114,FALSE,FALSE,TRUE,FALSE
8566,“لا باس”. الموقع قريب من كل شي. الغرف صغيره. والنت كل يوم ب ٢٥ درهم,Positive,Negative,0.85470897,0.85470897,0.14529106,FALSE,FALSE,TRUE,FALSE
10310,“الموقع جميل ولكن المنطقه مزحومه وتعتبر مزعجه الي حد ما”. الاستقبال من خارج الفندق الي داخله ممتاز. المسافات بين الفندق والمرافق طويله,Positive,Negative,0.850744069,0.850744069,0.149255916,FALSE,FALSE,TRUE,FALSE
4815,“رحله جميله”. الهدوء والافطار المجاني. مويا مالحهالاثاث والفرش قديم,Positive,Negative,0.84285754,0.84285754,0.15714246,FALSE,FALSE,TRUE,FALSE
4477,“مقبول نوعا ما”. السرير حق ابو نفر واحد كبيرر والموقع ممتاز. الانترنت بفلوس,Positive,Negative,0.838792026,0.838792026,0.161207944,FALSE,FALSE,TRUE,FALSE
4209,“دبي”. . كنا في 3 اجنحه جونيور وهي كبيره وفيها 4 بالغين اضافيين والذي لم يعجبني حقا اننا دفعنا للفطور عنهم كلهم... المال غير مهم و لكن الاسلوب و الطريقه لم تعجبنا بالاضافه الي اننا لسنا من النوع الذي ياكل بنهم.. فلم تعجبني هذه الحركه و اول مره تحصل معنا في اسفارنا !!,Positive,Negative,0.831739783,0.831739783,0.168260261,FALSE,FALSE,TRUE,FALSE
10044,“منتجع لو ميرديان واحه من الجنه”. . الفندق خصم مبلغ 11 الف درهم من حسابي تحت حساب الاقامه وعند الخروج تم احتساب قيمه الفاتوره ب 7506 درهم وللحين وبعد مرور 4 ايام من مغادرتي الفندق لم يتم اعاده باقي 11 الف درهم لحسابي و قد ارسلت ايميل بذلك واتصلت ولكن بدون استجابه وشكرا,Positive,Negative,0.817783713,0.817783713,0.182216242,FALSE,FALSE,TRUE,FALSE
9009,“بوفيه الافطار في رمضان جدا سيء وسعره بالنسبه للخدمه مرتفع جدا”. . الافطار,Positive,Negative,0.811637104,0.811637104,0.188362882,TRUE,FALSE,FALSE,'Not Sure'
182,“رحله الويكند”. . خدمه الاكل وجودتها ليست بالمستوي المطلوب والجيد ووجود اصن صير واحد وصغير,Positive,Negative,0.805856466,0.805856466,0.194143504,TRUE,TRUE,TRUE,TRUE
6918,“الموقع جيد”. الغرف كبيره. رائحه التدخين في الاستقبال منتشره بشكل كبير,Positive,Negative,0.801009476,0.801009476,0.198990539,FALSE,FALSE,TRUE,FALSE
8360,“شكرا”. . صعوبه ايجاد الغرفه من سوء تخطيط الفندق,Positive,Negative,0.779826403,0.779826403,0.220173597,FALSE,FALSE,TRUE,FALSE
8405,"“لايعرف هذا الفندق سائقون التاكسي”. التعامل الجميل من طاقم العمل في كافه المجالات ارجاء الفندق. الحمام ضيق لدرجه انه خانق ولا يمكن استخدامه، ،، وعدم نظافه الغرفه منذ دخولي وحتي خروجي من الفندق",Positive,Negative,0.701525688,0.701525688,0.298474282,FALSE,TRUE,FALSE,'Not Sure'
7632,“جيده نوعا ما”. لذيذ ولكن غير متنوع. الثلاجه لم تكن تعمل وقفل الباب مكسور واستغرق اصلاح الثلاجه اكثر من 24 ساعه,Positive,Negative,0.698714018,0.698714018,0.301285982,FALSE,FALSE,TRUE,FALSE
3294,“متعه + الرتحه”. فساحه الغرف. البطئ في تقديم الخدمات,Positive,Negative,0.692420602,0.692420602,0.307579339,FALSE,FALSE,TRUE,FALSE
5112,“غرفه صغير”. . لم يعجبني حجم الغرفه مع اني حجزت علي اساس ٣ كبار و٢ صغار لكن حجم الغرفه صغير والكنبه فتحت لتصبح سرير وكانت غير مريحه للاطفال,Positive,Negative,0.685579479,0.685579479,0.314420491,TRUE,TRUE,TRUE,TRUE
5982,“مستوي الاقامه عامتا دون السعر المطلوب”. النظافه و الهدوء. المطبخ ليس مزود بالاغراض الاساسيه للمطابخطلبت اقامه لسته اشخاص بالغين و عند الوصول اكتشفه انها لخمس اشخاص كحد اقصي,Positive,Negative,0.606129825,0.606129825,0.393870115,TRUE,FALSE,FALSE,'Not Sure'
829,“يحب فلوس التامين و عدم اعادتها”. . سحب مال التامين و عدم اعادتها,Positive,Negative,0.60313797,0.60313797,0.396862,TRUE,TRUE,TRUE,TRUE
8861,“جيد”. . الاستقبال,Positive,Negative,0.58145988,0.58145988,0.41854015,FALSE,FALSE,TRUE,FALSE
COUNT,,,,,,141,72,61,100,46
,,,,,,,,,,
,,,,,,,,,,
,Narrator 1 Noise %,51%,,"This is the percentage that narrtor 1 believes that it is noise (mislabeled as Positive, where it should be Negative)",,,,,,
,Narrator 2 Noise %,43%,,"This is the percentage that narrtor 2 believes that it is noise (mislabeled as Positive, where it should be Negative)",,,,,,
,Narrotors Agrrement %,33%,,"This is the percentage that both narrotors believe that it is noise  (mislabeled as Positive, where it should be Negative)",,,,,,
,Not Sure Count,41,,This is the count where both narrotors disagree in their opinions,,,,,,
,Not Sure %,29%,,This is the percentage  where both narrotors disagree in their opinions,,,,,,
,Real FN Excl. 'Not Sure',38%,,This is the percentage of Real False Negative Excluding disagree agreement,,,,,,
,Real FN Incl. 'Not Sure',67%,,This is the percentage of Real False Negative Including disagree agreement,,,,,,
