index,review,true_label,predicted_label,confidence,prob_negative,prob_positive,Noise Narrator 1,Noise Narrator 2
2304,“ممتاز”. I ts very good hotel and they have good team resption spetaily ( cristian ) she was very kind and helpful for us ... i suggest to visit it. فقط الصعود الي الطابق الثاني للاستعلامات,Negative,Positive,0.999712646,0.000287272,0.999712646,TRUE,TRUE
7774,“تمنيت انه يكون خيار ثاني!”. الفندق جديدالطاقم متعاونالاستقبال جيدالاثاث جيد. الفطور محدود جدا والاكل مافيه اجتهاد او يحمسكرائحه المطاعم وخاصه كنتاكي ملحوظه في الغرف ( سكنت بغرفتين ) وكلها نفس الريحه تجي احياناكان فيه مشكله بالكهرب وانطفا بالغرفه مافي خدمات قريبه مثل البقاله او مغسله ملابس كل القريب منك مطاعمالسعر مبالغ فيه مقابل الفندق وخدماتهمافيه مويا دافيه بالشور !ازعاج القطار احيانا عند المرورمافيه فرن او مكرويف او اي اداه تسخين غير الغلايه !,Negative,Positive,0.993153572,0.006846409,0.993153572,TRUE,FALSE
2650,“راقي وجميل”. اخذت غرفه فيها بلكونه لكن اثاثها جدا عادي واخذت الغرفه الاخري بدون بلكونه غرفه كلها قزاز علي البحر وبرج العرب اثاثه جميل جدا فاخر منتجع جميل جدااا. التشيك ان يتاخر من الزحمه,Negative,Positive,0.993027508,0.006972483,0.993027508,TRUE,TRUE
443,“حياه ريجينسي اسلوب حياه”. كان العشاء جميلا وكان الشيف نوبي ذو حبره عاليه في اعداد الطعام وكذلك الاستاذ محمد كرزازي متفاهم ومنفني جدا في تسيهيل العقبات فلهم كل الشكر حيث سهل. فقط اعطاء الضيف امكانيه تحويل نوع الوجبه الممنوحه له سواء من افطار الي عشاء اوغداء,Negative,Positive,0.991633534,0.008366445,0.991633534,TRUE,TRUE
6279,“فندق مريح ومميز”. الفندق كل شي فيه جميل ومميز.,Negative,Positive,0.990987003,0.009012952,0.990987003,TRUE,TRUE
7033,“فندق يستحق التجربه”. هدوء وراحه ونظافه وخدمه ممتازه ومواقف للسيارات وقيمه معقوله. لا شي,Negative,Positive,0.990746617,0.009253348,0.990746617,TRUE,TRUE
5643,“ساكرر السكن بهذا الفندق المويح”. كل شيء ممتاز الموقع من اقرب الفنادق للحرم الافطار متنوع تعامل الموظفين في تسجيل الدخول والخروج سرعه الاستجابه للطلبات. الدور الثالث كانت به اعمال صيانه رائحه غري وبويه والممرات بدون فرش,Negative,Positive,0.990707278,0.009292719,0.990707278,TRUE,TRUE
1346,“شكرا جزيلا”. قرب الموقع من الحرم والتعامل الطيف من موظفي الاستقبال واخص بالاستاذ / سالم الحربي بالمامه وارشاده لنا باسلوب راقي جدا شكرا لكل القائمين علي راحه المسلمين.,Negative,Positive,0.990357578,0.009642455,0.990357578,TRUE,TRUE
5558,“لا يوجد”. فقط لقربه من الحرم ومعامله طاقم العمل الممتازه 👍. سجاد الغرفه متسخ الحمام صغير المناشف باليه لا يوجد عازل الصوت بين الغرفه والغرفه التي بجانبها لدرجه اذا عطس جارك ترد عليه رحمك الله ياهذا كانه بجانبك وهذا من السلبيات الكبيره تحياتي .,Negative,Positive,0.990061045,0.00993898,0.990061045,FALSE,FALSE
9781,“اقامت لم تكن جيده في هذه الشقق”. الشباب السعودي بالاستقبال جميعهم بلا استثناء قمه الرقي والاخلاق الحرص منهم علي راحتك وجود المطاعم اسفل الشقق. دوره المياه شبه متهالكه السرير والمخدات سيئهالتلفزيونات,Negative,Positive,0.990054846,0.009945138,0.990054846,FALSE,FALSE
7631,“مريح”. الموقع امام المارينا مباشرهتعامل ممتاز من العاملين بالفندققريب من الفندق سوبرماركت كارفور وصيدليه ومستشفي النت ممتاز. بعض الغرف تحتاج الي تعديل في الاصباغ,Negative,Positive,0.990024686,0.009975355,0.990024686,TRUE,TRUE
3688,“حيث الراحه والهدوء والروحانيه”. الافطار المجاني / استقبال الموظف حاتم. المواقف / توقف بعض المصاعد عن العمل / عدم وجود ملامع احذيه/ اصوات بالغرف المجاوره.,Negative,Positive,0.989830792,0.010169235,0.989830792,TRUE,TRUE
311,“الراحه النفسيه”. تعامل طاقم العمل الراقي. مواقف السيارات,Negative,Positive,0.989797056,0.010202947,0.989797056,TRUE,TRUE
6946,“رحله جميله ووممتعه”. هدوء المكان ونظافه الغرفه وحجمها مناسب. موقع الفندق,Negative,Positive,0.989787459,0.010212525,0.989787459,TRUE,TRUE
9771,“الراحه والموقع”. كل شي اعجبني فندق ممتاز وعائلي. تم اخذ مبلغ غير سعر الغرفه مع الضريبه وعند سؤال موظفه الاستقبال اجابه في برج العرب يتم اخذ خمسين درهم زياده ونحن فندق نعتبر من الفنادق الضخمه في دبي وبعد المجادله تم خصم المبلغ التي كان سايخذ من دون وجه حق,Negative,Positive,0.989533365,0.010466597,0.989533365,TRUE,TRUE
1644,“اقامه جدا جميله في هذا الفندق”. اكل الفندق لذيذ الموظفين راقيين الراحه والهدوء. لايوجد,Negative,Positive,0.989527225,0.010472811,0.989527225,TRUE,TRUE
3689,“روحانيه الاقامه وروعه المشاعر”. كل شيء كان اكثر من رائع. لاشيء,Negative,Positive,0.98941958,0.010580393,0.98941958,TRUE,TRUE
1243,"“اعجبني”. سرعه انهاء اجراءات الدخول والخروج ، سرعه التجاوب خدمه السيرفس. الحمامات اعزكم الله لايوجد بها شطاف ، وايضا المشروبات الكحوليه في الثلاجه ، يوجد مطعم موال فيه راقصه",Negative,Positive,0.989393353,0.010606647,0.989393353,TRUE,FALSE
8151,“فن”. الفندق ممتاز والموظفين اكثر من رائعين.,Negative,Positive,0.98936069,0.010639388,0.98936069,TRUE,TRUE
7731,“احتفل بعيد زواجك في فندق كراون ممتع”. اعجبني كل ما في هذا الفندق قريب من ياس مول وعالم فراري والحديقه المائيه. لا شي يذكر,Negative,Positive,0.989356697,0.010643273,0.989356697,TRUE,TRUE
9155,“لا باس”. كل شيء تقريبا جميل. الموااااقف ﻻ يوجد مواااقف نهائياوايضا موقع الفندق حوله تحويلات من جميع الاتجاهات مشوار ساعه تاخذه في 3 ساعات,Negative,Positive,0.989300787,0.010699227,0.989300787,TRUE,TRUE
775,“جميل ورائع وممتاز”. كل شي تمام وافضل من التمام انصح به والاستقبال فيه شخص اسمه فؤاد ممتاز تعامله. كثره الارقام السريه للنت,Negative,Positive,0.989091337,0.010908643,0.989091337,TRUE,TRUE
4903,“من افضل اماكن الاقامه”. تعامل الموظفين اكثر من رائع.,Negative,Positive,0.98907882,0.010921169,0.98907882,TRUE,TRUE
8088,“المسافر راااح”. الموقعالمسجد قريبالنت ممتازالدش قوي وممتازه. اسلوب الخدمهالفرش جدا ناسخالاثاث مستهلكطلب قرض رسوم بمبلغ 100 لليوم مقابل توفير مفرش اضافي الاطفالالافيااش ثنائي فقطعدم تصريف المياه بدورات المياه اثناء الاستحمام الا بشكل ضعيفمواقف السيارات ضيقه جدا بالبدروم,Negative,Positive,0.989009082,0.010990955,0.989009082,TRUE,FALSE
6653,“كل شي قريب منك”. موقع الفندق من الحرم وفيه سوق وسوبر ماركت ف الدور اللي تحت وفي مطاعم تحتك وفي سوق يعني كل شي جريب منك مايحتاي تسير بعيد اذا تبا شي. لا شئ,Negative,Positive,0.988988817,0.011011136,0.988988817,TRUE,TRUE
5066,“ضيوف الرحمن لهم كل الود والاحترام”. الغرفه واسعه والاطلاله علي الكعبه تجربه ممتازه. ١- كنت واقف بالصف عند احد موظفي الاستقبال عند تسجيل الدخول تركني وذهب الي زبون اخر فقلت له لايحق لك تجاوزي والدهاب الي زبون اخرقال لي الموظف اذهب الي موظف استقبال اخر لاني لن اخدمكناسف علي وجود مثل هذا الموظف اللذي لم يحترم زبون فنادق ال 5 نجوم٢- الحمام في الصاله في غرفه رقم ٣٠١٢ يطفح الماء فوق البلاط لان السرميك اعلي من فتحه تصريف الماء,Negative,Positive,0.988821387,0.011178628,0.988821387,TRUE,FALSE
5773,“راحه متعه”. الموقع تعامل العاملين في الفندق. الافطار,Negative,Positive,0.98861593,0.011384077,0.98861593,TRUE,TRUE
109,“الفندق جميل جدا”. كل شي. عدم وجود مواقف السيارات,Negative,Positive,0.988534033,0.011465948,0.988534033,TRUE,TRUE
3999,“الفندق بهذه المواصفات مقارنه بالسعر ممتاز”. كافه الخدمات متاحه مع النظافه و الهدوء و الباركنج.,Negative,Positive,0.98848778,0.011512219,0.98848778,TRUE,TRUE
6265,“راحه الضيف”. سرعه المعاملات ونظافه الغرف والخدمه واحترام الضيف ممتازه.,Negative,Positive,0.988463938,0.011536091,0.988463938,TRUE,TRUE
1229,“قضينا يوم جميل ولله الحمد”. الشاطئ الخاص جدا جميل - بوفيه الافطار منوع- الفيلا الملكي انظف من الشاليهات الاخري من حيث مستوي النظافه والاثاثالجلسات الخارجيه للحدائقالنادي الخاص للنساء. كان لنا حجزان للفيلا الملكي ولشاليه بشاطئ خاص شتان بينهما الشاليه يحتاج الي النظافه النظافه النظافه والامر المزعج عند وصولنا لم يكن الشاليه جاهز علما باننا وصلنا متاخر وكانت حجتهم المستاجر اللي قبلنا لم يخرج ف الموعد المحدد ف انتظرنا قرابه الساعه لتنظيفها,Negative,Positive,0.988450766,0.011549224,0.988450766,TRUE,TRUE
494,“فطور لا ينسي(:”. ١/ افطار الفندق كان رائع جدا جدا وهو عباره عن اكثر من بوفيه ومتنوع جدا وافضل من الفنادق المحيطه به كالفيرومنت٢/ وجود اله صنع القهوه بالغرفه. ١/ لايوجد مصلي خاص بالفندق بل عام لكل الوقف ٢/ لاتتوفر مواقف كافيه للسيارات,Negative,Positive,0.988200068,0.011799946,0.988200068,TRUE,TRUE
9405,“كل شيء جميل مقابل القيمه الماديه”. اتقدم بجزيل الشكر لموظفه خدمه العملاء lirenaعلي كل ما قامت به من خدمه.,Negative,Positive,0.988181114,0.011818923,0.988181114,TRUE,TRUE
407,“ممتعه”. فريق العمل متعاون جدا المنظر رائعتجهيزات الغرفه جدا ممتازه. خزانات الملابس تبع المسبح كانت جميعها مقلقه وتم اخباري بتسليمها لمشتركي الجيم مما يعني لامكان لوضع ملابسنا اثناء السباحه,Negative,Positive,0.987806857,0.012193145,0.987806857,TRUE,TRUE
9319,"“فندق متميز”. كان السرير مريحا، والمكيف جميلا، وكان استقبال الفندق رائعا. الاتصال بالانترنت يمكن ان يكون افضل.سكنت في غرفه علي المنور وكان صوت الاجهزه عاليا فتم تغيير الغرفه الي غرفه علي الشارع",Negative,Positive,0.987728477,0.012271513,0.987728477,TRUE,TRUE
3419,“اقامه جميله .. تستاهل التكرار”. المرافق المتوفره جميله ومتنوعه. اسعار الروم سيرفس غاليه جدا .. الانترنت المدفوع بالغرف ايضا,Negative,Positive,0.987636745,0.012363315,0.987636745,TRUE,TRUE
9698,“تجربه تستحق التكرار”. التصميم .. النظافه.. رائحه العطر من دخولك الفندق حاي الغرفه. الموقع بشارع مزدحم,Negative,Positive,0.987559497,0.012440512,0.987559497,TRUE,TRUE
7590,"“انصح الجميع بتجربه الاقامه بالفندق و التمتع بالخدمات التي يقوم بها”. موقع الفندق ممتاز و تصميمه الداخلي والخارجيا يوحي بالاناقه ، الخدمه و النظافه ممتازه ايضا مقابل المال الذي يدفع فيه. يجب ان يقوم الفندق بعمل خطه لتجديد اثاثه و اضفاء روح جذابه فيه",Negative,Positive,0.987509727,0.012490253,0.987509727,TRUE,TRUE
10437,“القرب من الحرم النبوي”. الراحه القريبه من الحرم.,Negative,Positive,0.987434804,0.012565197,0.987434804,TRUE,TRUE
8463,“اتمني لو تكتمل روعه الغرف مع نظافه الفندق وتميز الخدمه”. الغرف نظيفه من الداخل وواسعه. فطور بوفيه مفتوح لا يليق بفندق نص نجمه...وصلت للمطعم 8 صباحا وكانت معظم اطباق الفطار منتهيه دون تجديد!الممرات متسخه جدا ورائحتها سيئه انا اصنفه فندق 3 نجوم فقط,Negative,Positive,0.98734504,0.012654919,0.98734504,FALSE,TRUE
329,“مكان ممتع لجميع افراد الاسره”. حسن الاستقبال وهدوء المكان.. الشاليهات لا يوجد بها ادوات مطبخ وتحتاج الي صيانه دوريه.,Negative,Positive,0.987305522,0.012694469,0.987305522,TRUE,TRUE
5716,“من افضل الاماكن التي سكنت في مكه.”. النظافه والراحه.. لاشيء,Negative,Positive,0.987230361,0.012769584,0.987230361,TRUE,TRUE
9507,“فندق الراحه”. موظف الاستقبال هاني كان ممتاز جدا بستقبالي.,Negative,Positive,0.987184227,0.012815797,0.987184227,TRUE,TRUE
8434,“اقامه تجمع بين الاثنان العمل والاستجمام”. المكان جدا هادي مع اطلاله جميله ونظيف مع توافر مواقف وحراسات. ما لم يعجبني قله الاهتمام بالشاطئ البحريفهو يحتاج الي المزيد من الترتيب,Negative,Positive,0.987110376,0.012889666,0.987110376,TRUE,TRUE
1694,"“فندق راقي وتعامل ممتاز”. الغرف كبيره ومريحه , تعامل الموظفين ممتاز , الافطار مميز جدا ومتنوع , موقع متميز.",Negative,Positive,0.987043142,0.012956872,0.987043142,TRUE,TRUE
834,“جميله ليله للراحه قبل الرحله ولقربه من المطار”. جدا مريح ولذيذ اشكرك موظف الاستقبال الاخ المصري اعطاني ترفيع علي غرفه جدا فخمه فله كل الشكر والتقدير. كان فيه زواج لهنود في الدور الاخير وقليل من الازعاج,Negative,Positive,0.986757398,0.013242609,0.986757398,TRUE,TRUE
8971,“فندق جميل انصح جميع العوائل به . قريب من مول الامارات وقريب من gpr وقريب من جدا من المارينا مول”. الاطلاله علي شارع الشيخ زايد والنظافه في الشقق واللوبي وتعامل العاملين مع تحسن الانترنت بالغرف ووجود البقاله داخل الفندق. الحمام صغير جدا في بعض الشقق والسعر في المواسم,Negative,Positive,0.986733496,0.013266508,0.986733496,TRUE,TRUE
10466,“فندق لرحلات البزنس فقط”. الهدوء الاستقبال الجيد الخدمه السريعه موظفين علي درجه عاليه من الكفاءه النظافه. الغرف ضيقه جدا الحمام ضيق قله ادوات الحمامات بما فيها الفوط لايوجد بالغرف خزنه الدولاب صغير جداا,Negative,Positive,0.98672533,0.013274638,0.98672533,TRUE,FALSE
4598,“رحله العائله”. الراحه وعدم الازعاج. عدم وجود شطافات في الحمامات,Negative,Positive,0.9866485,0.013351485,0.9866485,TRUE,TRUE
5206,“شقق فوق الرائعه”. . لا شئ,Negative,Positive,0.986575961,0.013424056,0.986575961,TRUE,TRUE
2468,“رحله ممتعله مع فنادق الهلتون بدبي”. حبذي لو زياده في اصناف الافطار. الانتظار لوقت طويل لاستخدام المصاعد,Negative,Positive,0.986509144,0.013490811,0.986509144,TRUE,TRUE
255,“الفندق جميل جدا. ..الخدمه. .الموظفين. .فوق الممتاز”. الفندق ممتاذ جدا.,Negative,Positive,0.986426353,0.013573623,0.986426353,TRUE,TRUE
1077,“رائع”. الموقع النظافه الهدوء . حسن الاستقبال نمن الموظف جورج . وبعض موظفين الاستقبال. ضعف النت .. . .,Negative,Positive,0.986332357,0.013667664,0.986332357,TRUE,TRUE
9269,“محمد الشمري”. الطاقم محترم خصوصا السوري التابع للمطعم. اخلاق وابتسامه جميه. الفطور غير متنوع ومكرر,Negative,Positive,0.986264408,0.013735569,0.986264408,TRUE,TRUE
1490,“فندق جميل وحيوي”. اطلاله الغرف علي المسبح.,Negative,Positive,0.986124694,0.013875322,0.986124694,TRUE,TRUE
4452,“كانت اقامه جميله جدا ومريحه في مكان جميل جدا وهادي”. الهدوء النسبي والراحه وديكور الفندق. فرش الممرات في الفندق قديم نوعا ما,Negative,Positive,0.986009419,0.013990643,0.986009419,TRUE,TRUE
6518,“علي شو ⭐⭐⭐⭐⭐ علي ريحت البواليع الي فالغرف”. . الغرفه صغيره وايد • ريحت بواليع وانتو بكرامه فالغرف • والاكل الحمدلله علي النعمه اي شي • كانو امضيعين سويج الموتر • عالي شو عاطينه ⭐⭐⭐⭐⭐ مادي والله,Negative,Positive,0.985809863,0.014190124,0.985809863,FALSE,FALSE
996,“ممتعه”. كل شي. لا شي,Negative,Positive,0.985805094,0.014194889,0.985805094,TRUE,TRUE
1703,“مكان هادي ومريح”. الموقع ممنتاز والخدمات كذلك. صوت بعض النزلاء فقطوعدم وجود عوازل للصوت,Negative,Positive,0.985768378,0.014231642,0.985768378,TRUE,TRUE
5803,“الي الامام وتقدم”. الاستقبال من قبل الموظفين ممتاز. قيمه الفاتوره كانت اكثر من الحجز من المفروض ان ادفع في يومين 1800 درهم تفاجئه ان الحساب 2700 درهم معدل 1000 درهم زياده,Negative,Positive,0.985723794,0.014276271,0.985723794,TRUE,FALSE
603,"“ممتازه”. فندق ممتاز موقع ممتاز كذلك كل شي يدعوك للحجز في هذا الفندق ،،، مع الشكر.",Negative,Positive,0.985700369,0.014299606,0.985700369,TRUE,TRUE
6933,“فندق ممتاز”. موقع ممتاز وكل شي طيب. لايوجد,Negative,Positive,0.985552967,0.014446983,0.985552967,TRUE,TRUE
6563,“الحلو ما يكتمل”. السعر مناسب وجيد جدا والمكان نظيف ومتسع وسهل الوصل الي الفندق. السكن محتاج الي بعض قليل جدا من الاواني والتلفاز لم يعمل ولا يوجد تليفون بالغرفه,Negative,Positive,0.98510462,0.014895389,0.98510462,TRUE,FALSE
8278,“ممتاز مقابل القيمه”. الهدوء والنظافه. لايوجد صابون استحمام وشامبو كذلك الفوط قليله,Negative,Positive,0.985092223,0.014907792,0.985092223,TRUE,TRUE
6866,“الراحه”. كل شئ. لا شئ,Negative,Positive,0.984957576,0.015042425,0.984957576,TRUE,TRUE
4265,“جيد”. قرب المكان حسن الضيافه سرعه الدخول. مفتاح الغرفه غير نشط معظم الاوقات,Negative,Positive,0.984855592,0.015144435,0.984855592,TRUE,TRUE
7309,“Not bad”. المكان نظيف ومرتب Nice and clean. برادات الثلج معطلهولا يوجد سله الثلج الثلاجه صغيره للعايلهاسعار الاكل يفرق باللغه الانجليزيه عن العربي طلبت ورق عنب ب ١٤ ولما جاتني الفاتوره طلب ١٧ ولقيت الفرق بالمينيو,Negative,Positive,0.984834194,0.015165779,0.984834194,FALSE,TRUE
1835,“موقع يمتاز بقرربه من الخدمات”. كل شيء جيد. سكنت في شقه بغرفتين وكان احد الحمامات به رائحه سيئه وطلبو مني تغيير الغرفه ولكني لم اغيرها بسبب اقامتي لم يتبقي منها الا يوم,Negative,Positive,0.98480463,0.015195442,0.98480463,TRUE,TRUE
5764,“رحله عمل رائعه”. الخدمات النظاف.,Negative,Positive,0.984786332,0.015213677,0.984786332,TRUE,TRUE
1798,“جميل جدا”. كل شيء جميل. مافي شيء,Negative,Positive,0.984535754,0.015464266,0.984535754,TRUE,TRUE
6343,“رحله موفقه”. كان مكان هادئ صحيح الفندق قديم لكن.لاتشعر بذلك..ردهات الفندق الداخليه جميله والمكان واسع جدا.. بعد الفندق عن المدينه,Negative,Positive,0.984502494,0.015497499,0.984502494,TRUE,TRUE
5721,“ممتاز”. . الراحه التامه الخدمات الجميله,Negative,Positive,0.983855665,0.016144335,0.983855665,TRUE,TRUE
4684,“فندق رائع جدا”. جميل بشكل عام.,Negative,Positive,0.983804762,0.016195204,0.983804762,TRUE,TRUE
9087,“مكان رائع”. كل شئ. لا شئ,Negative,Positive,0.983601868,0.016398195,0.983601868,TRUE,TRUE
3353,“الافضل علي الاطلاق”. Thanx for all Armani stuff. Cigar lounge,Negative,Positive,0.98318547,0.016814554,0.98318547,TRUE,TRUE
3935,“انصح بالفندق”. القرب من ابواب النساء في المسجد النبوي. المواقف ضيقه,Negative,Positive,0.982130706,0.017869297,0.982130706,TRUE,TRUE
9589,“الفندق ممتاز”. كل شي.,Negative,Positive,0.982094824,0.017905217,0.982094824,TRUE,TRUE
6764,“عدل وانصاف”. الهدوء والسيكرتي وعامل باكستاني اسمه ناصر يحمل الشنط.. تعامل الاستقبال. والنظافه. والبلكونه ليست مغلقه باحكام وكان المكان مزعج للغايه. ولم احصل علي حجري الاذي حجزته الا بعد يومين وكان حجري اربع ليلي اول يومين شقه صغيره وبعد الشكوي لبوكنك حصلت علي حجري الذي حجزته.,Negative,Positive,0.981877327,0.018122625,0.981877327,TRUE,FALSE
5026,“روعه”. الخدمه. لا شيء,Negative,Positive,0.981860757,0.018139284,0.981860757,TRUE,TRUE
8309,“اقامه مريحه وافطار شهي”. الافطار ممتاذ والفرش نظيف جدا والباصات متواجده دوما.,Negative,Positive,0.981841922,0.01815806,0.981841922,TRUE,TRUE
5798,“يححتاج توفير مواقف مجانيه”. الفندق نظيف ورائع لكن المواقف غير متوفره لازم تدفع 70 درهم لليوم ..,Negative,Positive,0.981574595,0.018425452,0.981574595,TRUE,TRUE
10212,“رائعه جدا جدا”. اعجبتني الغرفه والمطعم الافطار رائع. لاشيئ,Negative,Positive,0.981444597,0.018555366,0.981444597,TRUE,TRUE
3044,“حليو”. بعيد عن زحمات جده. فيش شحن الجوال في غرفه الجلوس للجناح تصميم الجناح ومساحته,Negative,Positive,0.981278241,0.018721782,0.981278241,TRUE,TRUE
4531,“ممتاز”. كل شئ اعجبني. البعد عن المدينه والتكلفه العاليه للتكاسي,Negative,Positive,0.981221378,0.018778544,0.981221378,TRUE,TRUE
7613,“نسكنك لقربك للحرم”. الفندق من حيث الموقع ممتاز جدااا الاستقبال جدا رائع خصوصاااا الشاب جهاد ماشاء الله تبارك الله خدمه الغرف سيئه الاذان متعطل السماعات داخل الغرف وتم التبليغ وخمس ايام الاقامه ولم تصلح الافطار الحمدلله علي النعمه متكرره كل يوم الي رز بالحليب تتغير الي شعيريه بالحليب المغسله غاليه جداااا شركه مكه هيلتون افضل والسعر اقل والافطار افضل رويال اوركيد افضل تم السكنه العام الماضي والصفوه1 افضل تم السكنه قبل العام ولم اكن اتوقع اسكن بهكاذا خدمه حتي عمال الخدمه ينتظر عندك ينتظر الاكراميه. خدمه الغرف الافطار الصباحي متكررالعماله تنتظر التكريم,Negative,Positive,0.981122136,0.018877892,0.981122136,TRUE,FALSE
9888,“رحلتي الي دبي”. بشكل عام لاباس به. صغر مقاس الغرف,Negative,Positive,0.980894089,0.019105896,0.980894089,TRUE,TRUE
3084,“فندق ممتاز”. الافطار رائع ومتنوع والموقع اكتر من ممتاز. لاشئ,Negative,Positive,0.980553985,0.019445984,0.980553985,TRUE,TRUE
2089,“جميل من ذهب”. كله جميل. لاسعار مرتفعه,Negative,Positive,0.980504036,0.019495994,0.980504036,TRUE,TRUE
2955,“الموظف في الاستقبال سيء في المعامله”. كل شي جميل الا موظف الاستقبال. موظف الاستقبال + ترتيب الغرفه عندما طلبت منهم رفضوا,Negative,Positive,0.980345666,0.019654315,0.980345666,FALSE,FALSE
8217,“تصميم اوروبي رائع”. تصميم المنتجع و الاطلاله و الخدمات. تغطيه الانترنت سيئه جدا الدخول ليس قبل الساعه 3 انتظرنا طويلا في الاستقبال,Negative,Positive,0.980075896,0.019924067,0.980075896,TRUE,TRUE
9424,“الفندق ممتاز عموما”. النظافه الهدوء الافطار والموقع. التاخير احيانا عند طلب الخدمه,Negative,Positive,0.980073035,0.019926988,0.980073035,TRUE,TRUE
4305,“شكرا فندق روتانا المسك”. مستوي الفندقه. المهاقف المواقف المواقف,Negative,Positive,0.979923666,0.020076348,0.979923666,TRUE,TRUE
7783,“اعطني المال ثم اخدمك”. الموقع و الاثاث والنظافه. اولا اخذ عربون.ثانيا لم يكن نفس المبلغ الذي تم عرضه علي الموقع تفاجأت باضافه رسوم اضافيه.ثالثا وصلنا متعبين من السفر قبل موعد الدخول ولم يسمح لنا بدخول الشقه الا بعد اخذ مبلغ نصف يوم مقابل راحتنا انا واطفالي لعدد الساعات المتبقيه.,Negative,Positive,0.979896426,0.020103568,0.979896426,FALSE,FALSE
6913,“اقامه مريحه غير ممتعه جدا”. حداثه المبني. ضيق الغرفالاطلاله كئيبه قله قنوات التلفزيون,Negative,Positive,0.979813457,0.020186584,0.979813457,FALSE,FALSE
1963,"“فكره شقق مفروشه ممتازه بسبب تواجد العاب للاطفال ، موقع جيد جدا ، النظافه الي حد ما ممتازه”. فكره الالعاب والمسبح رائعه ، ولو يمكن تفعيلها بشكا افضل في جميع المشاريع السياحيه سيكون ذلك رائعا. خدمات المواقف ، وباب الفندق مغلق للسيارات",Negative,Positive,0.979579687,0.020420378,0.979579687,TRUE,TRUE
9024,“القيمه مقابل السعر”. الموقع وعزل الصوت في الغرف ممتاز السعر مقابل القيمه جيد. النظافه و تعامل الموظفين الفندق تقريبا شبابي اعتقد لايصلح للعوائل,Negative,Positive,0.979482234,0.020517826,0.979482234,FALSE,TRUE
1093,“فندق جيد وانصح السكن فيه والخصوصيه موجوده”. مو قع الفندق وقربيه من المول وقصر الحمراواشكر قسم الاستقبال وبالاخص الموظفه كارلا الفلبينه لسرعتها في الخدمه. العفش قديم وعدم وجود جريده الصبح مثل الفنادق الثانيه ورسوم الانترنيت والفطور المكرره كل يوم,Negative,Positive,0.979031384,0.020968622,0.979031384,TRUE,FALSE
5020,“مناسب جدا”. كان الافطار لذيذا.,Negative,Positive,0.978788972,0.021211009,0.978788972,TRUE,TRUE
5010,“سكن مريح”. . تهريب بدوراه المياه اكرمكم اللهاخذ مبلغ لدخول مبكرا,Negative,Positive,0.978753209,0.021246785,0.978753209,TRUE,FALSE
4268,“خمسه نجوم”. الموقع جميل. لاشي,Negative,Positive,0.978399098,0.021600846,0.978399098,TRUE,TRUE
5397,“محمد شمس”. النظام وقرب الفندق من الحرم الشريف. ارتفاع السعر,Negative,Positive,0.978169441,0.021830548,0.978169441,TRUE,TRUE
10422,"“فندق جميل لكن احذر من التنقلات بين مبانيه”. الفندق جميل بمسابحه وتخطيطه وتجهيزاته. يعاني الفندق من عيب اساسي ومهم ويتمثل في صعوبه التنقلات بين الشقق والمبني الرئيسي خاصه للعوائل، ففي كل مره تحتاج لطلب ""عربه غولف"" لنقلك من الشقه الي المبني الرئيسي لتتمكن من استلام سيارتك التي لابد من ايقافها في مواقف بعيده عن الشقه. المشكله ان عربات الغولف قليله مما يجعلك تنتظر لفترات قد تطول وهذا الانتظار مزعج خاصه حين يكون بعد عودتكم من يوم شاق خارج الفندق.",Negative,Positive,0.977909207,0.022090796,0.977909207,TRUE,FALSE
2617,“اجمل مافي الاقامه القرب من الحرم المكي”. قرب الفندق من الحرم المكي وتوفر باصات لنقل الساكنين الي الحرم مجانا. موقع الفندق في شارع ضيق جدا مع زحمه السيارات وعدم توفر مواقف الاثاث الارضي للفندق يحتاج تغيير بالكامل وجود غبار علي الطاولات والكراسي في الغرف,Negative,Positive,0.977874815,0.022125192,0.977874815,FALSE,TRUE
1365,“مكان مناسب للعائله الذاهبه للتسوق بدبي”. مساحه الشقه مناسبه للزوجين والاطفال القرب من محطه المترومواقف متوفره للسياره. عدم وجود فرن للطبخعدم وجود غسالهازدحام المصاعد وتاخرها,Negative,Positive,0.977694809,0.022305155,0.977694809,TRUE,FALSE
5654,“جيده جدا”. . لا يوجد شطاف في احد الحمامات,Negative,Positive,0.977377713,0.022622282,0.977377713,TRUE,TRUE
3953,“محمد السلمي”. فندق حلو ونظيف والاثاث جميل. الغرفه كان فيها جني بسم الله الرحمن الرحيم,Negative,Positive,0.977304578,0.022695366,0.977304578,TRUE,TRUE
4400,“جميل”. الموقع قربه من محطه المترو في مول الامارات عدم وجود ازعاج عدم وجود بار الموظف مصطفي في بوفيه الافطار. رفض الموظفه اللبنانيه تاخير الخروج الي الساعه ٢ الظهر بمزاجها وتواصلت مع الاستقبال ووفقوا,Negative,Positive,0.977050543,0.022949426,0.977050543,FALSE,TRUE
332,“السعر غالي”. موقع الفندق وفخامته. استخدام مصعديين للوصول لغرفتي,Negative,Positive,0.976775348,0.023224704,0.976775348,FALSE,TRUE
9014,“موقع ممتاز”. سعر الفندق جيد والموضفين لطفاء لايفوتكم المسبح باطلاله جميله. الاثاث قديم,Negative,Positive,0.976726055,0.02327393,0.976726055,TRUE,TRUE
8859,“فندق نجوم”. الموقع.,Negative,Positive,0.976497531,0.023502465,0.976497531,TRUE,TRUE
2301,“الاستقبال والترحيب”. الفندق ممتاز. لا شيء,Negative,Positive,0.97621721,0.023782853,0.97621721,TRUE,TRUE
4663,“مسافر دوما للمدينه”. الفندق جيد لمن يريد الحد الادني من اساسيات الاقامه. ضيق الحمام نوعا ماوقدم الاثاث تقريبا,Negative,Positive,0.975902617,0.024097428,0.975902617,FALSE,TRUE
1642,“اقامه ممتازه”. الفطارلذيذ. الانترنيت,Negative,Positive,0.975832582,0.024167398,0.975832582,TRUE,TRUE
9145,“8”. الشقه وسيعه وتمتاز بالنظافه. الموقع واعمال البناء امام الشقق تسبب الازعاج وعدم توفر التكسي بالقرب من المكان,Negative,Positive,0.97572732,0.024272693,0.97572732,TRUE,TRUE
7382,“هدوء رائع”. الخدمه ممتازه من موظفي الاستقبال. متابعه نظافه الغرف غير مرضيه,Negative,Positive,0.975665629,0.024334414,0.975665629,TRUE,FALSE
2916,“جميله لو كان الحمام مكتمل”. نظافه الفندق. النت وسباكه الحمام,Negative,Positive,0.975634158,0.024365857,0.975634158,FALSE,TRUE
5240,“اجمل رحمه بالبشر”. الموقع لسهوله العبادات. ارتفاع اسعار الخدمات بالداخل,Negative,Positive,0.975300908,0.024699032,0.975300908,TRUE,FALSE
7961,“تغيير جو في ظل العائله”. القريه بصفه عامه جميله جدا. ارضيه الغرفه غير مفروشه ولايوجد ميكروويف لتسخين المعجنات وغلاء الاسعار,Negative,Positive,0.974543571,0.025456429,0.974543571,FALSE,TRUE
5569,“ستكون لي خيارات اخري افضل منه”. مستوي الفندق كاعداد جيد و تصميمه جميل و غرفه مناسبه الاتساع و الاثاث جديد و جميل. الافطار كان سيء و باب النافذه متعطل القفل به و مقبض السلامه مكسور و خطر جدا علي الاطفال اعاده ترتيب الغرفه سيء و لا يتم اعاده ملئ الخدمات المجانيه كامله,Negative,Positive,0.974344015,0.025656031,0.974344015,FALSE,FALSE
3722,“اطلاله رائعه عالجبل”. . الغرف المطله علي الجبل غير مذكوره في خيارات بوكينغ,Negative,Positive,0.97419703,0.025802994,0.97419703,TRUE,TRUE
9088,“الموقع المميز”. الموقع مميز بالقرب من محطه مترو صلاح الدين. طلبت ان تكون غرفتي في الادوار العلويه تفاجات حطوني في الدور الثاني والنادي الليلي في الدور الاول وهذا سبب لي الكثير من الازعاج,Negative,Positive,0.974171937,0.025828129,0.974171937,FALSE,FALSE
4711,“هدوء”. الهدوءقرب السوق. لا يوجد,Negative,Positive,0.974016726,0.025983239,0.974016726,TRUE,TRUE
1332,“ممتازه”. النظافه. لايوجد عوازل صوتيه,Negative,Positive,0.97361201,0.026388006,0.97361201,TRUE,FALSE
3862,“طاقم الاستقبال ممتاز”. حسن الاستقبال وتقبل الملاحظات.,Negative,Positive,0.973448515,0.02655142,0.973448515,TRUE,TRUE
2465,“القصيم”. اعجبني السعه في الغرف ٠النظافه في دورات المياه. السرير غير مريح مطلقا وهذا ما جعلني اغادر الشقه . عدم وجود موكيت او بمعني اصح فرشات بالغرف,Negative,Positive,0.973056614,0.026943447,0.973056614,FALSE,FALSE
6926,“لاباس بها”. معامله الموظفين. غلاء الاسعار في الفندق من كل النواحي الاقامه والمعيشه,Negative,Positive,0.972948253,0.027051764,0.972948253,FALSE,TRUE
7403,“كانت اقامه ممتازه”. موقع الفندق والخدمات. لا يوحد,Negative,Positive,0.972807109,0.027192865,0.972807109,TRUE,TRUE
7424,“جناح جونيور”. الجناح واسع ويوجد فيه حمامين منفصلينالنظافه جيدهالموقع جيد وقريب من المطاعم. مواقف السيارات سيئه وظيقه وقليلهلاتوجد غلايه ماء في الجناحالاسعار غاليه,Negative,Positive,0.97241205,0.027587984,0.97241205,TRUE,FALSE
3621,“مكان اقاه فحم بسعر معقول”. الافطار ممتاز واثاث الفندق مريح ونظيف. رائحه التدخين في انحاء الفندق بما فيها الاقسام التي يمنع التدخين فيها,Negative,Positive,0.972015917,0.027984047,0.972015917,TRUE,TRUE
1441,“الاحساء - المنطقه الشرقيه”. . نقل الباصات للحرم لم يكن مرتب و لايستجيب السائق في حال تواجدنا بالموعد يلزم عليهم توفير هذه الخدمه باكمل وجه و ارضا الزائر والانترنت متقطع و احيانا لايشبك,Negative,Positive,0.971170127,0.028829865,0.971170127,FALSE,FALSE
3696,“رحله ايمانيه”. اطلاله جميله علي الحرم. لا يوجد نت,Negative,Positive,0.970700145,0.0292999,0.970700145,TRUE,TRUE
321,“افضل فندق بالوقت الحالي”. . عدو وجود بعض المواد الاستهلاكيه منظف الاذان,Negative,Positive,0.970673501,0.029326513,0.970673501,TRUE,TRUE
9533,"“تقييم المكان”. الموقع وسعه الغرفه. مدخل المكان غير لائق تماما بجانب محلات بيع الماكولات السريعه وهو يختلف عن مدخل الهيلتون الاساسي من السوق!! من اكبر السلبيات والتي لم يتم ذكرهابعد الوصول للدور بالمصعد يتوجب صعود درج دور كامل للوصول للغرفه حيث ان المصاعد لا توصلك للغرفه مباشره وهذي سلبيه كبيره وخصوصا لكبار السن ولم يتم ذكره في الموقع!!السعر لا يختلف عن الهلتون الاساسي مع فارق الفخامه والنظافه والخدمات المقدمه في الهلتون الاساسي، وكلاهم في نفس الموقعرايي الشخصي تدفع زياده وتسكن في الهلتون الاساسي افضل بكثير",Negative,Positive,0.970246673,0.029753292,0.970246673,FALSE,FALSE
4230,“شقه جميله”. حجم الغرفه واسعه ورايق والفطور م جربته. الممرات رخام وهذا مزعج لساكنين الغرف في تسحيب الشنطه يدخل الصوت واللي نومه حساس بيتعب نفسيا والنت جدا سي كل م قفل الجوال لازم تسجل من جديد,Negative,Positive,0.96987915,0.030120878,0.96987915,FALSE,TRUE
10047,“للموقع عنوان”. الموقع .. وخدمه الاستقبال. نظافه الغرف غير مرضيه . حيث اننا وجدنا بالغرفه بقايا طعام .. من قبل ضيف سابق للغرفه,Negative,Positive,0.969830394,0.030169601,0.969830394,FALSE,FALSE
5572,“تمنيت ان يكون افضل”. اثاث الغرفه والهدوء. للاسف فرشاه ومعجون غير موفره وعلب الشامبو والبلسم مستخدمه يوجد النصف في كل علبه ...السيفون لايعمل ...,Negative,Positive,0.969784319,0.030215755,0.969784319,FALSE,FALSE
2525,“السعر مرتفع مقارنه بموقعها”. الاستقبال رائع ونظافه المكان.,Negative,Positive,0.969581068,0.03041894,0.969581068,FALSE,TRUE
4946,“دبي الاجمل”. موقع مميز. الازعاج,Negative,Positive,0.968615115,0.03138493,0.968615115,TRUE,TRUE
4889,“لايوجد سرير للطفل الثالث مع العلم بان الحجز واضح زوجان وثلاثه اطفال ولا يوجد واي فاي داخل الغرفه”. الاستقبال والمواصلات للحرم والمواقف ونظافه الفندق. لايوجد سرير للطفل الثالث مع العلم بان الحجز واضح زوجان وثلاثه اطفال ولا يوجد واي فاي داخل الغرفه,Negative,Positive,0.96843791,0.031562064,0.96843791,FALSE,FALSE
6761,“ان وجدت غيره من نفس الفئه فانت اولي به”. ممتازه كانت خدمه ايقاف السياره. ازعاجنا بالليل لدفع فاتوره العشاء حول المسبح بسبب ارجاعها من مكتب الاستقبال,Negative,Positive,0.968377411,0.031622577,0.968377411,FALSE,FALSE
638,“شكرا دلف”. القيمه الماليه للفندق جيده وقربه من الخدمات مثل السوبر ماركت وايضا الصيدله والمطاعم. عدم الاهتمام في النزيل الواي ضعيف جدا النظافه ليس ولا بد,Negative,Positive,0.967101693,0.032898318,0.967101693,FALSE,TRUE
2358,“رائع”. شرفه البلكونه والهدوء. بعد الغرف عن الرسيبشن,Negative,Positive,0.966040611,0.033959359,0.966040611,TRUE,TRUE
2633,“جيد مرتفع”. قربه من الخدمات ( مطاعم - مراكز تموين - مغاسل ). ضعف خدمه الواي فاي,Negative,Positive,0.965552568,0.034447353,0.965552568,TRUE,TRUE
7671,“قربه من الموول والقطار”. السرير مريح. الزحام في بهو الفندق,Negative,Positive,0.965412259,0.034587745,0.965412259,TRUE,TRUE
3592,“ممتاز لمن لديه عائله”. الموقع وعدم وجود مراقص وبارات. العوازل الخاصه بالصوت وروائح الدخان والمجاري المنبعثه من فتحات التهويه,Negative,Positive,0.964969158,0.035030879,0.964969158,FALSE,TRUE
1600,“القرب من العمل”. الهدوء. المواقف,Negative,Positive,0.964559913,0.035440043,0.964559913,TRUE,TRUE
830,“فندق ايوا”. نظيف. موقع الفندق غير مناسب لانه ازعاج بسبب صوت الطائرات اللي تمر من اعلا الفندقوالسرير ضيق نوعا ماخدمه الواي فاي مرتفعه جدا,Negative,Positive,0.963373244,0.036626771,0.963373244,FALSE,FALSE
2892,“موقع علي الجبل”. هدوء المكان. عدم ذكر ان مكان الفندق علي تله عاليه وصعوبه الصعود للمكان مع عدم تواقر وسيله مواصلات.,Negative,Positive,0.963053048,0.036946908,0.963053048,FALSE,FALSE
9865,“ابو محمد”. كافي كلاريج. الاستقبال نظافه الغرف والموقع,Negative,Positive,0.96181047,0.038189534,0.96181047,TRUE,TRUE
4832,“الصدق”. وسع المكان.. لا يمكن استقبال اي زوار .,Negative,Positive,0.961677253,0.038322769,0.961677253,TRUE,FALSE
4511,“الاهتما”. . بس يعرفوا انو انت حاجز عن طريق البوكنك بصير بدو يعطيك اسوء الغرف و اسوء اطلاله. علما انو الغرف الاخري شاغره,Negative,Positive,0.961276472,0.038723521,0.961276472,FALSE,FALSE
1919,“استجمام”. تعامل الاخ سعيد متعاون وراقي. عدم نظافه الفرشه والشرفه وعدم تصريف دوره المياه وصغر حجم الغرفه,Negative,Positive,0.961114705,0.038885351,0.961114705,TRUE,FALSE
6232,“ممتاز”. ممتاز جدا.,Negative,Positive,0.961091697,0.038908374,0.961091697,TRUE,TRUE
10243,“لاباس به”. موقع الفندق بوسط المدينه وسهوله الوصول لاغلب المناطق بدبي كذلك تراس الشيشه. صعوبهالحصول علي الماء الحار بالحمام كذلك الشطافات جدا سيئه بحاجه للتغيير لنوع اسهل بالاستعمال والثلاجه بالغرفه غيرموصله بالكهرباء فلم نتمكن من تبريد الماء,Negative,Positive,0.960989356,0.039010648,0.960989356,FALSE,FALSE
893,“....”. ............ .............,Negative,Positive,0.960446417,0.039553624,0.960446417,FALSE,TRUE
296,“سكني ب انتور”. . لم يتم توفير بطاقه الدخول للغرفه الا بعد يوم كامل اذا بغيت ادخل الغرفه انا واهلي يطلع معنا الهندي علشان يفتح الباب ببطاقه الماستر وحجتهم يقولون البطاقات خلصت انتظر لين يطلع واحد وناخذ بطاقته ونبرمجها علي غرفتك,Negative,Positive,0.959306777,0.040693298,0.959306777,FALSE,FALSE
491,“شقق فندقيه”. شقق فندقيه يوجد كوفي خارجي تابع للشقق كما يوجد بجوار ها اسواق المزرعه يعتبر السكن بها معقول عزل الصوت ملاحظه مهمه لا يوجد بها عزل الصوت عند مروري بالشقق المجاوره تسمع الاصوات بوضوح ل. لا يوجد بها مناشف ولا صابون,Negative,Positive,0.958410084,0.041589942,0.958410084,FALSE,TRUE
8581,“احجز علي مسؤليتك”. المكان نظيف والغرفه مريحه. الشخص الذي في الاستقبال ليس متعاون مع الزبائن ولاتوجد خدمه لحمل الحقائب وقليل في الكذب,Negative,Positive,0.95817703,0.041822981,0.95817703,FALSE,FALSE
2114,“السعر مختلف”. الاسره والاستقبال والخدمات. حجزت ب52 ودفعت 89 ريال عماني,Negative,Positive,0.957743168,0.042256862,0.957743168,FALSE,FALSE
2921,“غرف صغيره جدا”. الفندق نظيف بالقرب منه كار فور مشي علي الاقدام. صغر الغرف - الواي فاي ضعيف السرعه والارسال - النادي الصحي يغلق في وقت مبكر جدا-,Negative,Positive,0.957390845,0.042609129,0.957390845,FALSE,FALSE
4143,“اسوي فندق بدبي”. لان اكرررررررر الحجز بهذه العزبه. لا شي,Negative,Positive,0.956713438,0.043286525,0.956713438,FALSE,FALSE
241,“ممتازه”. ممتاز. يرجي زياده موظفي الاستقبال,Negative,Positive,0.95647639,0.043523591,0.95647639,TRUE,TRUE
8427,“الامانه”. قريب من المطاعم. ازعاج الموسيقي,Negative,Positive,0.956057489,0.043942526,0.956057489,TRUE,FALSE
4280,“okkkkkkkkkkk”. okkkkkkkkkkkkk. okkkkkkkkkkkkkk,Negative,Positive,0.955661774,0.044338197,0.955661774,TRUE,TRUE
6607,“مسافر شباب”. . عدم توفير ادوات الاستحمام,Negative,Positive,0.955576122,0.044423901,0.955576122,FALSE,FALSE
2431,“شكرا علي التعاون الجميل منالجميع وﻻني لم اقابل ايصعوبات وتم تحقيق المطلوب”. اﻻستقبال الجيداﻻفطار المنوع والماءمون اﻹطﻻله علي البحر طبعا ليست كل الغرف مطله عله البحر. ﻻ شئ,Negative,Positive,0.955511332,0.044488702,0.955511332,TRUE,TRUE
7235,“عدت راضي عن اقامتي في الفندق لكني لست منبهر”. الفندق عادي ومعقولوموقعه ممتاز بالنسبه لي يمكن الوصول له بسهوله تامه لموقعه المميز في شارع الستين. زجاج الغرف لا يمكن فتحه لتجديد هواء الغرفه,Negative,Positive,0.955219865,0.04478018,0.955219865,TRUE,TRUE
1850,“استقبال الفندق”. المصاعد. الموظفونالديكورالمساحهعدم الخصوصيه,Negative,Positive,0.954993248,0.045006819,0.954993248,FALSE,FALSE
2842,“جيده لولا المبالغه في الاسعار”. . المبالغه في زياده الاسعار عندما قمت بالتمديد لثلاثه ايام,Negative,Positive,0.954914093,0.045085959,0.954914093,TRUE,FALSE
3518,“ممتعه”. الغرفه مطله علي البحر. المكيف لايبرد- لايوجد شطاف للحمام,Negative,Positive,0.954067051,0.045932919,0.954067051,FALSE,TRUE
4270,“جيدا جدا”. افطار جدااا تعبان مايستهل دولار في ريحه في الفرش ملاحظه هناك فندق لندن اكتر من واحد وضيعت العنوان وشكرا لكم جزيل الشكر. ولا شي غير .مكان بجانب السوق المترو,Negative,Positive,0.95406121,0.045938756,0.95406121,TRUE,FALSE
8743,“موقع غيرجيد”. وسع الغرف. الموقع. توزيع الغرفه . موقع الغرف وممرات الوصول للغرف. عدم وجود مضلات مع المسبح. عدم وجود دورات مياه في موقع المسبح,Negative,Positive,0.953942835,0.046057202,0.953942835,TRUE,FALSE
588,“جميله نوعا ما”. الخصوصيه. نرجو الاهتمام بوسائل الترفيه في الشاطي الخاص بالنسبه للاطفالوالاهتمام بنظافه الشاطئ فذلك لايكلف سوي جهد بسيطوالاهتمام بتجديد الاثاث وتوفير وسائل راحه اكثر,Negative,Positive,0.951591909,0.048408076,0.951591909,TRUE,FALSE
7164,“جميله”. جميل. كل شي,Negative,Positive,0.951058507,0.048941523,0.951058507,TRUE,TRUE
5909,“الحمدلله علي زياره الحرم الشريف”. التعامل.,Negative,Positive,0.950607359,0.049392682,0.950607359,TRUE,TRUE
5363,“الجواد في الموجود”. موقع الفندق. رائحه الاثاث و المفروشات,Negative,Positive,0.950575769,0.049424239,0.950575769,FALSE,FALSE
8655,“ممان جيد جدا للسكن”. موقع الفندقو مجموعه المطاعم المتنوعه. يحتاج اهتمام اكثر بالنظافه والفرش,Negative,Positive,0.950520754,0.049479198,0.950520754,TRUE,TRUE
6723,“تجربه مقبوله”. نظافه الاثاثهدوء تام. عدم وجود عماله للتنظيف خاصه ان زمن وصولنا كان بالعيد وكانت العماله في اجازه مما تسبب في ركن الاوساخ بين ممرات الغرف واضافه الي ذلك اضطريت لحمل الحقائب بنفسي لنفس السبب وهو اجازه العماله يوم العيدعدم وجود مياه للشرب في المني بار في الغرفهعدم وجود مناديل في بعض الغرفعدم توفر مواقف للفندقاعتقد انه نجمتين ليس اكثر,Negative,Positive,0.949789584,0.05021048,0.949789584,FALSE,FALSE
5328,“جيد”. . ازعاج الشارع,Negative,Positive,0.947749734,0.052250192,0.947749734,TRUE,FALSE
8769,“Abo Anas”. Lobby decoration. Sewage smells all over the roomsI stayed 5 hours the i left the hotelrooms decoration is less than basic and the standard,Negative,Positive,0.947271883,0.052728083,0.947271883,FALSE,FALSE
4378,"“٨،٩”. البيك ممتاز جدا. في الوان علي الحااط",Negative,Positive,0.946961343,0.053038664,0.946961343,TRUE,TRUE
10063,“يتميز بالجوده العاليه”. مكان جميل.,Negative,Positive,0.946763873,0.053236194,0.946763873,TRUE,TRUE
1158,“ملاحظات مهمه لمرتادي هذا الفندق اقرا تعليقاتي”. ديكورات الفندق جميله و نظافه الممرات و قربه من الحرم و تصميم الفندق جميل و مصاعده جيده و اضاءاته هادئه و متناسقه. تعامل موظف الاستقبال المصري غير جيد و غير لبق بطئ جدا وغير مبتسم و البوفيه اصناف الطعام فيه متدنيه جدا و غير لذيذه و غير طازجه الفندق يحتاج اداره قويه و حازمه و للعلم انصح بعدم الدخول لمواقف السيارات لانها ضيقه جدا و اذا دخلت لا يمكن الخروج الا بصعوبه بالغه جدا لا يمكن الخروج الا بالريوس و الاحتراف بالقياده مع بعض الخدوش و للعلم الغرف ضيقه جدا جدا بحيث لا يمكن ان لا يمكنك ان تمر بين السرير و التلفزيون الا بصعوبه,Negative,Positive,0.946231782,0.053768221,0.946231782,TRUE,FALSE
10119,“كل شيء جميل ولكن لم اعهد ويندهام بالدول الاخري مثل ويندهام بدبي توقعت دبي تكون الافضل”. المواقف. ضجه المكانصعوبه الوصول لل جي بي ار التاخر في انزال الشنط واستلام السياره حتي تم الطلب منهم طلك وابلغوني بان الموظف باجازه واحضروا شخص اخر واعتذر لازعاجهم,Negative,Positive,0.945278466,0.054721553,0.945278466,FALSE,FALSE
5548,“موظف الاستقبال المغربي شريف كان رائع وقمه في الذوق وهو مكسب للفندق ارفع له قبعه الاحترام”. . موظف الاستقبال المغربي شريف كان رائع وقمه في الذوق وهو مكسب للفندق ارفع له قبعه الاحترام والتقدير وكذلك مديرالفندق,Negative,Positive,0.94520539,0.054794565,0.94520539,TRUE,TRUE
8615,“تعلم الصيانه لدي الفندق”. موقع الفندق جميع حيث انه قريب من مستشفي الحرس الوطني و ايضا قريب من جهه شمال الرياض. هو الاثاث .. وحصل لي موقف حيث التمس الكهرب و طفت جميع الكهرباء و لم يتم نقلي الي شقه اخري الا ان كانوا الصيانه يعملون بالغرفه لمده ساعتين مما جعلني لم ارتاح في الفندق ورفض منهم لنقلي لغرفه اخري .,Negative,Positive,0.944996059,0.055003922,0.944996059,FALSE,TRUE
3459,“جيده”. الفندق مصمم بطريقه جميله. ضيق المساحه لبوفيه الافطار عدم تواجد المساعدين حولين بوفيه الطعام المساعده والحفاظ علي النظافه,Negative,Positive,0.944660306,0.055339713,0.944660306,TRUE,FALSE
8685,“الخدمات علي اد السعر”. الهدوء. لاشي,Negative,Positive,0.944558263,0.055441741,0.944558263,TRUE,TRUE
348,“فرصه لي التحسين”. . اسلوب موظف الاستقبال غير لائق مع الزبائن,Negative,Positive,0.943896651,0.056103271,0.943896651,FALSE,FALSE
6375,“تجربه بس ماراح اعيدها”. . النامووووووس كثير,Negative,Positive,0.943714797,0.056285169,0.943714797,FALSE,FALSE
6374,“المدينه المنوره”. الموقع جيد والاطلاع رائعه ولكنه غير مناسب لكبار السن. عند تعديل الحجز الرستن غير متعاون,Negative,Positive,0.943713427,0.056286603,0.943713427,TRUE,FALSE
8813,“رحله عمل”. . الاسعار مبالغ فيها الوجبات عاليه السعر.,Negative,Positive,0.943588257,0.05641181,0.943588257,FALSE,FALSE
4289,“التعامل ممتاز تاخير اجرات الدخول ازدحام المصاعد”. تعامل الاستقبال. المصاعد واجرات الدخول واقتطاع ملالغ من الفيزا وسحب مبالغ اخري,Negative,Positive,0.94298017,0.057019893,0.94298017,FALSE,FALSE
6408,“التغيير للافضل”. الموقع مقابل المال. وجبه الفطور,Negative,Positive,0.942527711,0.057472218,0.942527711,TRUE,TRUE
1142,“فندق”. الاستقبال جيد. انترنت لاويوجد,Negative,Positive,0.942034781,0.057965185,0.942034781,TRUE,TRUE
7042,“تطوير مستوي الخدمه”. الراحه والفطار. المواقف سيئه جدا جدا,Negative,Positive,0.941900909,0.058099099,0.941900909,FALSE,TRUE
5437,“بعيد”. مكان نظيف . قريب علي الميترو. بعيده جدا علي السنتر,Negative,Positive,0.941447735,0.058552299,0.941447735,TRUE,FALSE
6626,“رحله عمره من الرياض”. خدمه النقل للحرم. الغرف ضيقه جدا,Negative,Positive,0.941362798,0.058637172,0.941362798,FALSE,FALSE
312,“كويس علي سعره لكن بعيد”. السعرالنت مقبولالمسبح والعاب الاطفالسعه الشقهكل غرفه حمام سوبر ماركت وصيدليه ومطعم تحت الفندقالمواقفالاطلالهالبلكونه. الموظفينالمناشفادوات الحمامالدش - الشاورالسرير مقبول وجيد مقابل السعر,Negative,Positive,0.939905524,0.060094446,0.939905524,FALSE,TRUE
2832,“مجموعه اصدقاء”. الفندق لاباس به. هنالك حشرات صغيره في المطبخ وتجمع الماء في الحمام غير انا طلبنا حذيان للحمام وجابوها لنا ولكنها بغت تطرحنا في السيراميك,Negative,Positive,0.939686,0.06031397,0.939686,TRUE,FALSE
6725,“تقييم صادق”. الموقع قريب جدا من الحرم. السعر مرتع نوعا ما,Negative,Positive,0.939137697,0.060862269,0.939137697,TRUE,FALSE
6732,“جيد”. موقع جميل. غير مسموح بالزوار,Negative,Positive,0.937939584,0.062060449,0.937939584,TRUE,TRUE
7471,“يصلح الفندق للعمل وليس ترفيه”. الموقع مناسب مساحه دوره المياه ممتازه حجم الغرفه مناسب. عدم توفير ادوات دوره المياه الا بالطلب المستمر,Negative,Positive,0.937543511,0.062456455,0.937543511,TRUE,TRUE
9787,“للامانه الفندق شوي. نظيف. يعني كويس للي بينام ويمشي”. . سويت. تسجيل. دخول. الساعه ثمانيه.وحصلت. احد في الغرفه رجعت يمهم بكل. برود. يقولك سوري. مادريت وغير ذا المغرب يقول عندك خروج ماكملا ١٢ ساعه الحمدالله تواصلت مع الشركه بوكنق. وضبطوني,Negative,Positive,0.936721265,0.063278712,0.936721265,FALSE,TRUE
9786,“جيد”. نظافه التكييف ممتاز. القنوات قليله وغير صافيهلايوجد خدمه غسيل ملابس,Negative,Positive,0.935320377,0.064679623,0.935320377,TRUE,TRUE
8004,“حي د”. جيد. جيد,Negative,Positive,0.934660017,0.06534002,0.934660017,TRUE,TRUE
7078,“مكان كان افضل مما توقعت والحمد لله.”. الموظف الذي استقبلني واتم اجراءات الدخول مكسب للفندق. دوره المياه فيها اشكالات,Negative,Positive,0.933620989,0.066379048,0.933620989,FALSE,TRUE
77,“الفندق جيدجدا وقريب جدا من الحرم النبوي”. . التكييف بالغرفه غبر جيد,Negative,Positive,0.932903826,0.067096144,0.932903826,TRUE,FALSE
2090,"“بشكل عام ، لا باس به”. الاثاث والتكييف والقنوات افضل بكثير من ما مضي. جناح رجال الاعمال حسب ما ذكر في البوكينق يستوعب اربعه اشخاص ومع ذلك رفضوا استقبال الزوار !!!مع انهم في السابق لم يرفضوا !!!",Negative,Positive,0.932333052,0.067666948,0.932333052,FALSE,TRUE
8737,“جيد”. نعم. الاثاث و السجاد الارضي,Negative,Positive,0.932159722,0.067840286,0.932159722,TRUE,
9962,“قائمه الثلاجه مبالغ في الاسعار علما بان المنتجات في السوبر ماركت اسعاره عاديه وهم دابلين السعر ل”. كويس النظافه والهدواءوالسرير ليس موريح. الاسعار من ناحيه اسعار الثلاجه الدبل واسعار الشقه مبالغ فيه من ناحيه موقعها,Negative,Positive,0.932090342,0.067909628,0.932090342,FALSE,
1572,“فندق جيد”. السعر. الازعاح وقت النوم,Negative,Positive,0.931982219,0.068017773,0.931982219,TRUE,FALSE
2865,“اقيم الفندق ٤ نجوم”. . لم تكن الديكورات الداخليه بالمستوي لفندق ٥نجوم والمطعم الوحيد في الاوتيل يقدم الاطباق الهنديه فقط لايتناسب مع اذواق الجميع,Negative,Positive,0.931744158,0.068255834,0.931744158,FALSE,
10275,“رائع”. قريب من الحرم نظيف. تعامل خدمات الغرف,Negative,Positive,0.931069672,0.068930395,0.931069672,TRUE,
10502,“جيد”. . عدم السماح للزياره ولو عده ساعات,Negative,Positive,0.931046069,0.068953849,0.931046069,TRUE,FALSE
8135,“الرياض”. . مواقف السيارات زي الزفت,Negative,Positive,0.930951655,0.06904839,0.930951655,FALSE,
7935,“شكرا لكم”. الموقع. الاثاث قديم,Negative,Positive,0.930820346,0.069179654,0.930820346,FALSE,TRUE
3022,“سلامات”. نظيف. بسبب ارتفاع التقييم. اصحاب الفندق رفعو السعر وصار كانه سعر فندق خمس نجوم. هذا يدعي استغلال,Negative,Positive,0.930557132,0.069442794,0.930557132,FALSE,
8832,“السعوديه”. . التدخل في التحكم برفع صوت الموسيقه,Negative,Positive,0.929584742,0.070415221,0.929584742,FALSE,
6714,“الحمدلله”. المساحه جيده الصاله فقط. الغرفه صغيره جدا والسرير ايضاالافضل وجود سجاده بالصاله للجلوس عليها بهذا البرد,Negative,Positive,0.928790689,0.071209289,0.928790689,TRUE,FALSE
3529,“طيبه”. مساحه الشقه- الموقع. تاخر في تشييك الدخول والمغادره- الواي فاي مفترض يكون مجاني- المروش تسيل المياه وسط الحمام,Negative,Positive,0.927294672,0.072705299,0.927294672,FALSE,
4291,“ان شاء الله ما انحد عليهم مره ثانيه”. قربها للمطار ... وساخه الفرش والمراتب اثارت حساسيه عندي بالعيون وحكه .. السخانه خربانه وبموسم الشتاء .. السرير جدا متعب,Negative,Positive,0.925422192,0.074577793,0.925422192,FALSE,
840,“المكيف والسرير”. . اتجاه تبريد المكيف كان بعيد عن مكان السرير اضطررت لتحريك السرير الثقيل حتي اتمكن من النوم,Negative,Positive,0.924467385,0.075532638,0.924467385,FALSE,
3530,“لا يوجد”. هدوء. بعيد من الحرم,Negative,Positive,0.923759341,0.076240584,0.923759341,TRUE,
1427,“جيد اذا كانت الاقامه قصيره جدا”. وجود مصلي بالدو الاول. الغرف بارد,Negative,Positive,0.923465252,0.076534778,0.923465252,FALSE,
3804,“ناجحه الي حد ما”. السرير كان جيد. المياه بها بعض الصداالموكيت قديم,Negative,Positive,0.923180997,0.076818973,0.923180997,TRUE,FALSE
111,“مجرد اقامه بسعر رخيص . .,Negative,Positive,0.922617078,0.077382907,0.922617078,FALSE,
7507,“جيد و لكن !!!!!”. نظافه الفندق و سرير مريح. حجزت لكن الاستقبال اخرونا مع العلم جيت الساعه 2 و انتظرت تقريبا ساعه و نص طاقم الاستقبال جدا ضعيف في اجراءات الدخول لكن في وقت الخروج سريع لا يستحق الاربع نجوم بصراحه و سعر ما يستحق يكون فندق اربعه نجوم المفروض من ثلاثه نجوم و نازل,Negative,Positive,0.921299517,0.078700483,0.921299517,FALSE,
3020,“جيد ومقبول”. بصراحه انا في البدايه حجزت موده النور وعندما جيتهم لم ارغب في السكن لديهم فاردت الغاء الحجز فذهب للتسويق عند شخص اسمه عثمان في موده الواحه فاقنعني بالسكن في موده الواحه ووجدت الوضع افضل بكثير ونزل لي في السعر الموجود في البوكنق وكان تعامله ممتازومن ناحيه الفندق انا معجب فيه من عده نواحي :١- قربه من الحرم٥ دقايق وانا داخل الحرم٢- الاثاث جيد نوعا ما٣- عند التدخول للفندق تشم رايحه طيب ( بخور ) ميزه٤- وجود بقاله اسفل الفندق ( مع انها غاليه في بعض الاشياء)واذا احتجت متاجر اكبر بت داوود جنبك في الموفنبيك. ١- عدم توفر مواقف سيارات كافيه للنزلاء مما يجعل المرور يسحب سيارتك ويضع هديه بورقه صفراء علي القزاز ( مخالفه)مما جعلني اوقف سيارتي في مواقف الحرم الساعه ١ ريال وانا مرتاح البال٢- الاستقبال ما يرد علي اتصالك من هاتف الغرفه لزم تنزل تقول لهم وش تبغي ٣- ما ينظف الغرفه الا بشق الانفس٤- ممكن يجيك ضيف في الغرفه في اي وقت ( مستاجر جديد)وحصل معي س ١٢:٣٠ صان تم طرق الباب علي وكنت علي وشك النوم فلم استجب له اولاثم بعد استمرار الطرق اكثر من ثلاث مرات فتحت فاذا بالعامل ومعه بطاقه الباب ومع نزيل فتاسف والقي باللوم علي الاستقبال فتم سحب البطاقه منه بعد اتضح ان بطاقتي تم الغاءها وتم تنشيط بطاقه النزيل الجديد مكانهابعدها اتصل الاستقبال يتاسف من هذا الغلط وانه بدون قصد ( لازم يهتمون بهذا الامر )٥- وقت الذروه يبغي لك نصف ساعه او اكثر تمسك سري عند الاصنصيل ( زحمه قبل الصلوات )٦- المطعم ما فيه الا وجبه فطور ( لم اعجب بالاصناف ) ومع ذلك عليهاا رسوم ٢٥ ريال للشخص٧- النت غير موفر الا عند الاستقبال فقط,Negative,Positive,0.918865025,0.081134997,0.918865025,TRUE,FALSE
7314,“جيده”. قربه من الاماكن التي تعجبني. نقص في بعض الخدمات المقدمه للغرف,Negative,Positive,0.918113232,0.081886768,0.918113232,TRUE,
10393,“الطائف”. الموقع. دورات المياه والاثاث,Negative,Positive,0.917751372,0.082248621,0.917751372,TRUE,
2191,“ليس به غير قرب المكان من الحرم المكي الشريف”. الموقع مناسب بالنسبه للحرم. وجود جلسات استراحه امام مدخل الغرف مما يتسبب في الازعاج من قبل بعض الزوار وجلستهم للدردشه امام الغرف دون مراعاه للضيوف النزلاء,Negative,Positive,0.9174698,0.08253026,0.9174698,FALSE,
6318,“جيده”. النظافه. الرقم المسجل في الموقع مفصوال,Negative,Positive,0.916914821,0.083085217,0.916914821,TRUE,
7550,“جيد”. توفر التلفاز في الصاله والغرف .. والموظفين متعاونين لقد انتهت بطاريه سيارتنا وقاموا بمساعدتنا بكل رحابه صدر. الاثاث قديم والمساحات ضيقه حجزت غرفه وصاله والحمام ضيق ولم يتم توفير الفرشاه والمعجون والافطار كميه قليله جدا مقارنه بالمبلغ الدفوع. وطلبت لحاف ومخدات ولم يتم الترفير بالعدد المطلوب والسعر غالي,Negative,Positive,0.913006723,0.086993255,0.913006723,FALSE,TRUE
6707,“التطور مطلوب”. الموقع. عدم توفر المواقف للسيارات عدم توفر الواي فاي في الغرف مجانا,Negative,Positive,0.911617637,0.088382356,0.911617637,FALSE,
9890,"“لا باس به ، موقعه قريب من الحرم”. بشاشه موظفي الاستقبالالافطار جيدقرب الموقع. احد الاسره ذو مرتبه قاسيه جداالتلفاز في احد الغرف لا يعمللا توجد سجاده صلاه لا يوجد واي فاي بالغرف",Negative,Positive,0.907207549,0.092792481,0.907207549,FALSE,TRUE
10057,“الاقامه في ايبيس”. النظافه. موقعه + ضيق الغرف + جاي تعبان يقولي مافيه احد يخدمك اخدم نفسك وطلع او نزل الشنط هذا فندق رجال اعمال + السرير ضيق,Negative,Positive,0.905412912,0.094587103,0.905412912,FALSE,
9163,“مااجمل سنترو روتانا ابوظبي”. وجود الغرف التي قمت بحجزها. النظافه,Negative,Positive,0.903630614,0.096369416,0.903630614,TRUE,
6847,“الرياض”. . الاكل في الغرف سيي للغايه,Negative,Positive,0.898618877,0.101381183,0.898618877,FALSE,
3608,"“شرح مفصل لاقامه ٥ ليالي”. اهلا،،من باب اننا نتساعد قيمت لكم والا عمري والله ماحبيت هالتقييمات..الشي الوحيد اللي اعجبني انه قريب من الحرم ولله الحمد. سكنت ٥ ايام تقريبا،،دخلت وطلعت وماجتني المغسله ع كثر ماطلبتهم.اتصلت اطلب قهوه وتاخر علي،،دقيت اشيك قال ي اخي ماانت بالغرفه..طلع رقم تحويلتي يختلف عن الغرفه😩المواقف المواقف اسوا شي واجهني.البوفيه خصوصا الافطار زحمه زحمه واكلهم اللهم لك الحمد .ماادري هل هو عشان زحمه اجازه وموسم والا فعلا ماعندهم دبره...للامانه المواقف تقريبا ٢٠ ويعطونك كرت تدخل واذا مليانه مافيه موقف مايدخلونك...توقف بعيييد بعد مسافه ٧٠٠ متر(موقف نظامي) واذا تبي تغامر بالشوارع جنبك عاد شي ثاني.دعواتي لكم بالتوفيق",Negative,Positive,0.897363245,0.102636769,0.897363245,FALSE,
10391,“لاباس به لمن لديه نساء”. القرب من الحرم وخاصه للنساء. الغرف ضيقه جدا,Negative,Positive,0.897114396,0.102885641,0.897114396,FALSE,TRUE
2173,“فكر كثيرا قبل اتخاذ القرار”. الموقع والخدمات القريبه. الحقيقه احد موظفي الامن غير مهتم بنظافته الشخصيه وكانه لم يستحم من سنه وهو واجه الفندق,Negative,Positive,0.896445215,0.103554733,0.896445215,FALSE,
3562,“يعتبر عنونا للخدمات المتواضعه جدا”. الموقع جيد. الواي فاي سئ للغايهمواقف السيارات سيئه جدا جدا جدا ولا يوجد درج كهربائي من المواقف للغرف,Negative,Positive,0.895683527,0.10431648,0.895683527,FALSE,
3137,“لا ينفع للعرسان نهائيا”. الموقع - فخامه المبني - الهدوء. بطاقه الغرفه لاتفتح حيث انني كم مره اخرج من الغرفه واعود واجد البطاقه لاتفتح الباب واتصل عليهم وانتظر طويلا حتي ياتي احد منهم ببطاقه اخري ليفتح الباب. كذلك المطعم دون المستوي وكذلك بكج العرسان 0 من عشره. حاطين كم حبه ورده وكيكه صغيره جدا وحبيتين موز وعنب. الجو العام شبه كئيب,Negative,Positive,0.883549571,0.116450369,0.883549571,TRUE,FALSE
2359,“يورك قديم”. موقعه بوسط البلدتعامل الموظفين ودودعدم سحب مبلغ تامينتاخير موعد المغادره. مواقف سيارات (متوفره وتحتاج سياره للذهاب للموقف)التلفز قديم والقنوات قليلهعدم توفر غلايه,Negative,Positive,0.879264772,0.120735176,0.879264772,FALSE,TRUE
3066,“دبر نفسك في هذا الفندق”. الباركن والوايفاي والهدوء. لا تتوفر ادوات الحمام سوي منشفه والباقي دبر نفسك,Negative,Positive,0.87878269,0.121217296,0.87878269,FALSE,TRUE
3738,“فندق جميل”. الهدوء. النظافه سيئه .. لي يومين واضع ورقه تنظيف الغرفه علي الباب ولم يتم التنظيف,Negative,Positive,0.875094056,0.124905877,0.875094056,TRUE,FALSE
4433,“حفر الباطن _ السعوديه”. مطاعم متوفره بكثره بالفندق. لا يوجد لوحه باسم الفندق والعنوان غير واضحه حيث ان الفندق يقع خلف دار التوحيد ولا توجد المواقف الجهه,Negative,Positive,0.84774518,0.15225485,0.84774518,FALSE,
1143,“الموقع ممتازلقربه من منطقه البلدو اطلاله علي البحيره”. الموقع والسرير. النظافه,Negative,Positive,0.835141599,0.164858446,0.835141599,TRUE,
5300,“اللحياني . كم”. اشكركم فريق بوكنجبس حبيت اود انتبهكم بان فريق العمل في فندق اراك المجيدي تعاملهم سي جدا في الرسبشان مع العلم بان الحجز كان معه موقف سياره وقالوا لازم تدفع كل يوم 50 ريال للموقف عمليه استغلال من الفندق والموظفين ليش هذا باقي الفنادق جميعها موفره مواقف للنزالاء هذا ولكم تحياتي. عدم التعاون من قبل موظفين الرسبشان,Negative,Positive,0.825030982,0.174969047,0.825030982,FALSE,
8037,“شكرا”. موقع واعلان الفندق. النظافه والسعر,Negative,Positive,0.817160428,0.182839602,0.817160428,TRUE,
3407,“الاستقبال”. . تم حجز غرفه سرير توائم ولم اتيت الي الفندق محجوز لي قياسي وزاد السعر عندي بالعقد من الموقع البوكنق توئم وعند الفندق بالعقد قياسي الرجاء التاكد,Negative,Positive,0.74764806,0.25235191,0.74764806,FALSE,
7720,“لايستحق المبلغ المدفوع”. النظافه ممتازه والهدوء والاستقبال وكذلك وجبه الفطور. القيمه مرتفعه مقابل الخدمهلم يكن السكن في المبني الرئيسي وهذه يجب الانتباه لها فبل الحجز لان الموضوع مبهم ولايتضح لك ذلك الا بعد دفع المبلغ للاسف,Negative,Positive,0.743260145,0.256739825,0.743260145,FALSE,
8073,“فندق ريفان”. الواي فاي. كل شي متعلق بالغرفه,Negative,Positive,0.730929255,0.269070804,0.730929255,FALSE,TRUE
4580,“الاسعار مختلفه عن البوكنق”. موقع الشقق قريب من المترو. حجزت من البوكنق ب313 ريال ولما وصلت ابغي اسكن اخذ مني 460 ريال ايضا نظافه الاثاث,Negative,Positive,0.700215518,0.299784482,0.700215518,FALSE,
6345,“جيد جدا”. اعجبني الهدوء بالممرات الغرف نظافه كانت جيده. الموظفون لم يكون بكامل الابتسامهدخول الزوار 240 درهم حرام وظلم ياخذون هالفلوس للزوارالاكل غالي جدا ولا يوجد تنوع كامل سعر غسيل الملابس والكويغاليه جدا جدا جدا مقارنه بفنادق 5 نجوم وعالميه اسعرها مناسبهعند مغادرت الفندق وجدت مبالغ اضافيه حسبوها عليسرت انا واياهم في جدال كبير حتي ابعدو عن المبلغ اللي اضافوه بغير حق,Negative,Positive,0.677585125,0.322414905,0.677585125,TRUE,FALSE
5838,“Cap ten ali. ✈️”. الشكر للاخ احمد الهنيدي والسيد. اكرامي الدمياطي. الطاقم العمال النظافه وعدم الالمام بالمهام الموكلين بالعمل ووعد الاخ. الاستاذ. احمد بتغير الطاقم الهاوس سكيب قريباولي ملاحظه بشان التطوير مهم من المالك والمدير المسئول عنه وكذلك الطاقم بالرسبش المتابعه مهمه للنجاح والتطوير. والشكر الجزيل لهم مع اني كان هناك تفاهم بيني وبين الموظف فيصل يكون التمديد لغايه الساعه ٧ بشان الرحله وافادني. تمام باللغه اللغه لديه وتفاجات ان حين قمت بتوديعه وتشيكه للغرفه فاجاني بدفع ٢٢٥ نصف يوم. هنا يجيب ان يفهم ويتفهم ويفهم النزيل سوف يكون دفع وهذه لا مشكله لي ولكن خاب واستخاب فال لي الزم دفع,Negative,Positive,0.630207717,0.369792283,0.630207717,FALSE,
6862,“فندق جميل لكن دفت زياده عن حجزي 140 درهم تقريبا”. الفندق جيد لكن يريد السكن قريب من عمله. لا يقدم بالمني شاي و كافي والمشكله الازعاج,Negative,Positive,0.606630087,0.393369943,0.606630087,FALSE,TRUE
2794,“الفندق ٤ نجوم او اقل”. صف السياراتواي فاي فريسرير اضافي فريالنظافه جيدهسرير مريحديكور جديدقنوات شوتايممكواه لكي الملابسسخان ماء للشاهي والقهوهمسبح خارجي. التاخير في الدخولالانترنت ضعيف في بعض الاحيانالتكييف ضعيفالشور للاستحمام بارد ولم اعرف كيف اشغلهالشامبو يجعد الشعرقنوات التلفاز تتقطع في حال ضعف الانتر نتلا يوجد محول كهرباء قريب في الصالهبعيد عن المدينهاسعار المطعم في حال الطلب في الغرفه اوالبوفيه مبالغ فيها١بيبسي ١٨ درهم مع السيرفس ١٠ دراهم المجموع ٢٨ درهمواضافه مبلغ وقدره ٤٠ درهم كل ليله علي سعر الغرفه بمسما سياحه وانا مواطن وليسا سايحا,Negative,Positive,0.601063192,0.398936808,0.601063192,FALSE,
4144,“شي ندمت عليه”. البراحه والوسع في الشقه. اخذ مقابل من المال لاستخدامي الهاتف بالاتصال لخدمه الغرف وكان 8 دراهم وهذا لم اعهده من قبل,Negative,Positive,0.521791041,0.478208959,0.521791041,FALSE,
Count,,,,,,260,,
